"","position","maternal_allele","mgm_allele","source","plot_y","color"
"1",142609,"C","C","MGM",0.5,"red"
"2",147115,"T","T","MGM",0.5,"red"
"3",149197,"C","C","MGM",0.5,"red"
"4",155218,"T","T","MGM",0.5,"red"
"5",241572,"C","C","MGM",0.5,"red"
"6",243202,"G","G","MGM",0.5,"red"
"7",356565,"T","T","MGM",0.5,"red"
"8",467157,"T","T","MGM",0.5,"red"
"9",497102,"A","A","MGM",0.5,"red"
"10",499695,"T","T","MGM",0.5,"red"
"11",505489,"T","T","MGM",0.5,"red"
"12",506211,"G","G","MGM",0.5,"red"
"13",507565,"G","G","MGM",0.5,"red"
"14",516417,"C","C","MGM",0.5,"red"
"15",710880,"G","G","MGM",0.5,"red"
"16",754012,"C","C","MGM",0.5,"red"
"17",809878,"A","A","MGM",0.5,"red"
"18",958096,"C","C","MGM",0.5,"red"
"19",1257668,"T","T","MGM",0.5,"red"
"20",1262474,"T","T","MGM",0.5,"red"
"21",1276092,"A","A","MGM",0.5,"red"
"22",1291744,"C","C","MGM",0.5,"red"
"23",1295324,"G","G","MGM",0.5,"red"
"24",1309898,"C","C","MGM",0.5,"red"
"25",1312979,"T","T","MGM",0.5,"red"
"26",1315900,"T","T","MGM",0.5,"red"
"27",1317869,"G","G","MGM",0.5,"red"
"28",1323078,"A","A","MGM",0.5,"red"
"29",1324048,"C","C","MGM",0.5,"red"
"30",1325955,"C","C","MGM",0.5,"red"
"31",1345563,"A","A","MGM",0.5,"red"
"32",1345589,"A","A","MGM",0.5,"red"
"33",1375734,"T","T","MGM",0.5,"red"
"34",1376610,"A","A","MGM",0.5,"red"
"35",1389925,"A","A","MGM",0.5,"red"
"36",1402739,"G","G","MGM",0.5,"red"
"37",1408503,"G","G","MGM",0.5,"red"
"38",1415195,"C","C","MGM",0.5,"red"
"39",1420284,"A","A","MGM",0.5,"red"
"40",1420519,"C","C","MGM",0.5,"red"
"41",1498979,"T","T","MGM",0.5,"red"
"42",1557413,"A","A","MGM",0.5,"red"
"43",1574456,"C","C","MGM",0.5,"red"
"44",1609776,"T","T","MGM",0.5,"red"
"45",1610284,"T","T","MGM",0.5,"red"
"46",1618188,"T","T","MGM",0.5,"red"
"47",1627108,"C","C","MGM",0.5,"red"
"48",1677400,"G","G","MGM",0.5,"red"
"49",2000736,"T","T","MGM",0.5,"red"
"50",2033356,"A","A","MGM",0.5,"red"
"51",2035726,"T","T","MGM",0.5,"red"
"52",2050777,"C","C","MGM",0.5,"red"
"53",2114929,"A","A","MGM",0.5,"red"
"54",2130963,"C","C","MGM",0.5,"red"
"55",2222551,"C","C","MGM",0.5,"red"
"56",2223722,"C","C","MGM",0.5,"red"
"57",2227373,"A","A","MGM",0.5,"red"
"58",2256286,"C","C","MGM",0.5,"red"
"59",2278069,"T","T","MGM",0.5,"red"
"60",2281628,"A","A","MGM",0.5,"red"
"61",2302790,"A","A","MGM",0.5,"red"
"62",2308394,"A","A","MGM",0.5,"red"
"63",2309379,"G","G","MGM",0.5,"red"
"64",2315400,"A","A","MGM",0.5,"red"
"65",2321032,"G","G","MGM",0.5,"red"
"66",2325103,"C","C","MGM",0.5,"red"
"67",2327135,"C","C","MGM",0.5,"red"
"68",2428151,"A","A","MGM",0.5,"red"
"69",2446455,"A","A","MGM",0.5,"red"
"70",2483305,"A","A","MGM",0.5,"red"
"71",2487697,"A","A","MGM",0.5,"red"
"72",2499708,"T","T","MGM",0.5,"red"
"73",2552565,"G","G","MGM",0.5,"red"
"74",2584376,"T","T","MGM",0.5,"red"
"75",2639829,"T","T","MGM",0.5,"red"
"76",2689882,"A","A","MGM",0.5,"red"
"77",2845843,"T","T","MGM",0.5,"red"
"78",2886527,"G","G","MGM",0.5,"red"
"79",2895719,"T","T","MGM",0.5,"red"
"80",2900100,"G","G","MGM",0.5,"red"
"81",2901647,"C","C","MGM",0.5,"red"
"82",2907097,"A","A","MGM",0.5,"red"
"83",2908694,"G","G","MGM",0.5,"red"
"84",2918045,"A","A","MGM",0.5,"red"
"85",2937358,"G","G","MGM",0.5,"red"
"86",3026162,"A","A","MGM",0.5,"red"
"87",3041674,"T","T","MGM",0.5,"red"
"88",3041819,"T","T","MGM",0.5,"red"
"89",3100615,"T","T","MGM",0.5,"red"
"90",3101065,"C","C","MGM",0.5,"red"
"91",3127519,"T","T","MGM",0.5,"red"
"92",3139383,"C","C","MGM",0.5,"red"
"93",3142943,"T","T","MGM",0.5,"red"
"94",3323892,"A","A","MGM",0.5,"red"
"95",3326866,"A","A","MGM",0.5,"red"
"96",3330438,"C","C","MGM",0.5,"red"
"97",3341324,"T","T","MGM",0.5,"red"
"98",3345465,"T","T","MGM",0.5,"red"
"99",3347282,"C","C","MGM",0.5,"red"
"100",3417657,"C","C","MGM",0.5,"red"
"101",3431858,"G","G","MGM",0.5,"red"
"102",3434542,"T","T","MGM",0.5,"red"
"103",3448534,"A","A","MGM",0.5,"red"
"104",3470152,"T","T","MGM",0.5,"red"
"105",3475859,"T","T","MGM",0.5,"red"
"106",3476929,"A","A","MGM",0.5,"red"
"107",3485645,"C","C","MGM",0.5,"red"
"108",3496754,"A","A","MGM",0.5,"red"
"109",3515438,"T","T","MGM",0.5,"red"
"110",3515791,"G","G","MGM",0.5,"red"
"111",3560143,"A","A","MGM",0.5,"red"
"112",3561560,"T","T","MGM",0.5,"red"
"113",3563991,"A","A","MGM",0.5,"red"
"114",3564116,"A","A","MGM",0.5,"red"
"115",3572242,"G","G","MGM",0.5,"red"
"116",3587732,"G","G","MGM",0.5,"red"
"117",3603658,"G","G","MGM",0.5,"red"
"118",3628512,"T","T","MGM",0.5,"red"
"119",3628667,"C","C","MGM",0.5,"red"
"120",3643141,"C","C","MGM",0.5,"red"
"121",3649300,"C","C","MGM",0.5,"red"
"122",3702536,"T","T","MGM",0.5,"red"
"123",3706957,"C","C","MGM",0.5,"red"
"124",3788916,"C","C","MGM",0.5,"red"
"125",3910933,"A","A","MGM",0.5,"red"
"126",3957939,"T","T","MGM",0.5,"red"
"127",4591247,"C","C","MGM",0.5,"red"
"128",4616061,"G","G","MGM",0.5,"red"
"129",4621315,"A","A","MGM",0.5,"red"
"130",4622135,"C","C","MGM",0.5,"red"
"131",4622318,"A","A","MGM",0.5,"red"
"132",4636260,"A","A","MGM",0.5,"red"
"133",4639163,"G","G","MGM",0.5,"red"
"134",4643555,"A","A","MGM",0.5,"red"
"135",4648570,"G","G","MGM",0.5,"red"
"136",4658867,"A","A","MGM",0.5,"red"
"137",4812298,"A","A","MGM",0.5,"red"
"138",4822145,"A","A","MGM",0.5,"red"
"139",4827161,"A","A","MGM",0.5,"red"
"140",4831225,"C","C","MGM",0.5,"red"
"141",4837269,"G","G","MGM",0.5,"red"
"142",4838819,"G","G","MGM",0.5,"red"
"143",4842231,"T","T","MGM",0.5,"red"
"144",5126391,"T","T","MGM",0.5,"red"
"145",5281452,"C","C","MGM",0.5,"red"
"146",5452555,"A","A","MGM",0.5,"red"
"147",5542461,"A","A","MGM",0.5,"red"
"148",5544395,"A","A","MGM",0.5,"red"
"149",5547833,"A","A","MGM",0.5,"red"
"150",5549658,"T","T","MGM",0.5,"red"
"151",5551114,"C","C","MGM",0.5,"red"
"152",5563371,"A","A","MGM",0.5,"red"
"153",6136434,"T","T","MGM",0.5,"red"
"154",6255997,"C","C","MGM",0.5,"red"
"155",6262786,"A","A","MGM",0.5,"red"
"156",6279652,"T","T","MGM",0.5,"red"
"157",6293480,"A","A","MGM",0.5,"red"
"158",6354049,"A","A","MGM",0.5,"red"
"159",6481625,"A","A","MGM",0.5,"red"
"160",7010081,"T","T","MGM",0.5,"red"
"161",7022968,"A","A","MGM",0.5,"red"
"162",7649459,"G","A","MGF",1.5,"blue"
"163",8238518,"T","C","MGF",1.5,"blue"
"164",8240382,"T","C","MGF",1.5,"blue"
"165",8310990,"C","T","MGF",1.5,"blue"
"166",8358721,"C","A","MGF",1.5,"blue"
"167",8434822,"A","G","MGF",1.5,"blue"
"168",8519329,"C","T","MGF",1.5,"blue"
"169",8524337,"T","C","MGF",1.5,"blue"
"170",8551112,"A","G","MGF",1.5,"blue"
"171",8773131,"T","C","MGF",1.5,"blue"
"172",9072286,"C","T","MGF",1.5,"blue"
"173",9199799,"C","G","MGF",1.5,"blue"
"174",9317758,"T","C","MGF",1.5,"blue"
"175",9727002,"G","C","MGF",1.5,"blue"
"176",9735908,"G","A","MGF",1.5,"blue"
"177",9775160,"A","G","MGF",1.5,"blue"
"178",9902240,"C","T","MGF",1.5,"blue"
"179",9926423,"T","G","MGF",1.5,"blue"
"180",9934605,"T","C","MGF",1.5,"blue"
"181",9946195,"G","A","MGF",1.5,"blue"
"182",9952706,"A","G","MGF",1.5,"blue"
"183",9956279,"G","A","MGF",1.5,"blue"
"184",10142949,"C","T","MGF",1.5,"blue"
"185",10212494,"C","T","MGF",1.5,"blue"
"186",10508130,"C","T","MGF",1.5,"blue"
"187",10510287,"G","A","MGF",1.5,"blue"
"188",10510618,"C","A","MGF",1.5,"blue"
"189",11023672,"A","G","MGF",1.5,"blue"
"190",11036624,"T","C","MGF",1.5,"blue"
"191",11092828,"C","T","MGF",1.5,"blue"
"192",12483451,"T","C","MGF",1.5,"blue"
"193",12484849,"A","G","MGF",1.5,"blue"
"194",12487047,"C","T","MGF",1.5,"blue"
"195",12488027,"T","C","MGF",1.5,"blue"
"196",12500651,"T","G","MGF",1.5,"blue"
"197",12908510,"A","C","MGF",1.5,"blue"
"198",12911968,"C","T","MGF",1.5,"blue"
"199",13070799,"A","G","MGF",1.5,"blue"
"200",13164783,"C","T","MGF",1.5,"blue"
"201",13178145,"A","G","MGF",1.5,"blue"
"202",13182935,"A","G","MGF",1.5,"blue"
"203",13192364,"C","T","MGF",1.5,"blue"
"204",13203155,"C","T","MGF",1.5,"blue"
"205",13208328,"C","T","MGF",1.5,"blue"
"206",13267771,"C","T","MGF",1.5,"blue"
"207",13661047,"T","A","MGF",1.5,"blue"
"208",14168288,"G","A","MGF",1.5,"blue"
"209",14199887,"A","G","MGF",1.5,"blue"
"210",14263701,"A","G","MGF",1.5,"blue"
"211",14267238,"T","C","MGF",1.5,"blue"
"212",14293622,"A","G","MGF",1.5,"blue"
"213",14427076,"G","A","MGF",1.5,"blue"
"214",14533759,"G","A","MGF",1.5,"blue"
"215",14547802,"T","C","MGF",1.5,"blue"
"216",14555216,"T","C","MGF",1.5,"blue"
"217",14571669,"C","T","MGF",1.5,"blue"
"218",14604672,"C","A","MGF",1.5,"blue"
"219",14661876,"G","A","MGF",1.5,"blue"
"220",14665333,"G","A","MGF",1.5,"blue"
"221",14873794,"C","T","MGF",1.5,"blue"
"222",15192306,"G","A","MGF",1.5,"blue"
"223",16282690,"T","A","MGF",1.5,"blue"
"224",16436725,"A","C","MGF",1.5,"blue"
"225",16461063,"A","G","MGF",1.5,"blue"
"226",16485219,"C","T","MGF",1.5,"blue"
"227",16516102,"A","G","MGF",1.5,"blue"
"228",16671425,"C","T","MGF",1.5,"blue"
"229",16677519,"C","A","MGF",1.5,"blue"
"230",16734396,"A","G","MGF",1.5,"blue"
"231",19862770,"A","G","MGF",1.5,"blue"
"232",19869163,"C","T","MGF",1.5,"blue"
"233",19943071,"A","G","MGF",1.5,"blue"
"234",19946057,"A","G","MGF",1.5,"blue"
"235",19948053,"T","C","MGF",1.5,"blue"
"236",19975139,"T","C","MGF",1.5,"blue"
"237",19978971,"T","C","MGF",1.5,"blue"
"238",20002394,"G","A","MGF",1.5,"blue"
"239",20003611,"G","T","MGF",1.5,"blue"
"240",20032425,"A","G","MGF",1.5,"blue"
"241",20116077,"T","C","MGF",1.5,"blue"
"242",20116934,"T","C","MGF",1.5,"blue"
"243",20378153,"G","A","MGF",1.5,"blue"
"244",20621602,"G","T","MGF",1.5,"blue"
"245",21118361,"T","C","MGF",1.5,"blue"
"246",21135162,"T","C","MGF",1.5,"blue"
"247",21467663,"A","G","MGF",1.5,"blue"
"248",21470868,"G","A","MGF",1.5,"blue"
"249",21484762,"A","C","MGF",1.5,"blue"
"250",21491939,"T","C","MGF",1.5,"blue"
"251",21501593,"T","G","MGF",1.5,"blue"
"252",21791278,"G","A","MGF",1.5,"blue"
"253",22006821,"T","T","MGM",0.5,"red"
"254",22119438,"T","C","MGF",1.5,"blue"
"255",22147707,"C","T","MGF",1.5,"blue"
"256",22175067,"C","A","MGF",1.5,"blue"
"257",22182046,"G","A","MGF",1.5,"blue"
"258",22292516,"T","C","MGF",1.5,"blue"
"259",22294143,"T","C","MGF",1.5,"blue"
"260",22300883,"C","T","MGF",1.5,"blue"
"261",22314030,"A","G","MGF",1.5,"blue"
"262",22330606,"C","T","MGF",1.5,"blue"
"263",22343571,"T","G","MGF",1.5,"blue"
"264",22348864,"C","T","MGF",1.5,"blue"
"265",22423131,"A","G","MGF",1.5,"blue"
"266",22429060,"T","G","MGF",1.5,"blue"
"267",22449282,"C","A","MGF",1.5,"blue"
"268",22462205,"A","G","MGF",1.5,"blue"
"269",22476773,"T","G","MGF",1.5,"blue"
"270",22504135,"G","A","MGF",1.5,"blue"
"271",23032225,"A","G","MGF",1.5,"blue"
"272",23032340,"A","G","MGF",1.5,"blue"
"273",23822088,"A","G","MGF",1.5,"blue"
"274",23873602,"T","C","MGF",1.5,"blue"
"275",23875970,"T","C","MGF",1.5,"blue"
"276",23962646,"G","A","MGF",1.5,"blue"
"277",24169726,"G","T","MGF",1.5,"blue"
"278",24173744,"G","A","MGF",1.5,"blue"
"279",24419005,"C","T","MGF",1.5,"blue"
"280",24723928,"C","A","MGF",1.5,"blue"
"281",24727150,"C","T","MGF",1.5,"blue"
"282",24729704,"C","A","MGF",1.5,"blue"
"283",24762070,"T","C","MGF",1.5,"blue"
"284",24764500,"A","G","MGF",1.5,"blue"
"285",24776203,"T","G","MGF",1.5,"blue"
"286",24791375,"A","C","MGF",1.5,"blue"
"287",24904904,"A","G","MGF",1.5,"blue"
"288",25461836,"C","T","MGF",1.5,"blue"
"289",25465008,"C","A","MGF",1.5,"blue"
"290",25578938,"T","C","MGF",1.5,"blue"
"291",25836733,"T","C","MGF",1.5,"blue"
"292",25877906,"T","C","MGF",1.5,"blue"
"293",26297737,"C","T","MGF",1.5,"blue"
"294",26327071,"G","A","MGF",1.5,"blue"
"295",26335191,"T","C","MGF",1.5,"blue"
"296",26342792,"G","A","MGF",1.5,"blue"
"297",26377577,"C","A","MGF",1.5,"blue"
"298",26806383,"C","T","MGF",1.5,"blue"
"299",26810450,"C","A","MGF",1.5,"blue"
"300",26817659,"A","C","MGF",1.5,"blue"
"301",26835843,"G","A","MGF",1.5,"blue"
"302",26837389,"G","T","MGF",1.5,"blue"
"303",26846791,"T","C","MGF",1.5,"blue"
"304",26849303,"T","C","MGF",1.5,"blue"
"305",26871939,"T","G","MGF",1.5,"blue"
"306",26872883,"T","C","MGF",1.5,"blue"
"307",26874626,"T","C","MGF",1.5,"blue"
"308",27016126,"G","C","MGF",1.5,"blue"
"309",27026003,"A","G","MGF",1.5,"blue"
"310",27026433,"A","G","MGF",1.5,"blue"
"311",27100979,"C","T","MGF",1.5,"blue"
"312",27839134,"G","A","MGF",1.5,"blue"
"313",28056643,"T","C","MGF",1.5,"blue"
"314",28057905,"A","G","MGF",1.5,"blue"
"315",28060456,"C","T","MGF",1.5,"blue"
"316",28064407,"C","T","MGF",1.5,"blue"
"317",28071444,"C","A","MGF",1.5,"blue"
"318",28079085,"T","C","MGF",1.5,"blue"
"319",28226208,"C","A","MGF",1.5,"blue"
"320",28525740,"G","A","MGF",1.5,"blue"
"321",28600137,"C","T","MGF",1.5,"blue"
"322",28606164,"C","A","MGF",1.5,"blue"
"323",28624327,"T","C","MGF",1.5,"blue"
"324",28631155,"G","A","MGF",1.5,"blue"
"325",28840468,"T","C","MGF",1.5,"blue"
"326",28864888,"C","T","MGF",1.5,"blue"
"327",28869948,"T","C","MGF",1.5,"blue"
"328",28879197,"C","A","MGF",1.5,"blue"
"329",29233149,"T","C","MGF",1.5,"blue"
"330",29296192,"A","G","MGF",1.5,"blue"
"331",29325250,"T","C","MGF",1.5,"blue"
"332",29372404,"A","G","MGF",1.5,"blue"
"333",29414861,"A","C","MGF",1.5,"blue"
"334",29632658,"A","C","MGF",1.5,"blue"
"335",29821140,"C","T","MGF",1.5,"blue"
"336",29841445,"A","C","MGF",1.5,"blue"
"337",29842669,"C","A","MGF",1.5,"blue"
"338",29843576,"T","G","MGF",1.5,"blue"
"339",29850829,"G","A","MGF",1.5,"blue"
"340",29863163,"A","G","MGF",1.5,"blue"
"341",29867910,"T","C","MGF",1.5,"blue"
"342",30503020,"G","A","MGF",1.5,"blue"
"343",30690911,"G","A","MGF",1.5,"blue"
"344",30693643,"C","T","MGF",1.5,"blue"
"345",30730872,"A","G","MGF",1.5,"blue"
"346",30741405,"C","T","MGF",1.5,"blue"
"347",31164966,"A","G","MGF",1.5,"blue"
"348",31275448,"G","A","MGF",1.5,"blue"
"349",31279217,"A","C","MGF",1.5,"blue"
"350",31281617,"C","T","MGF",1.5,"blue"
"351",31288543,"A","G","MGF",1.5,"blue"
"352",31292684,"T","G","MGF",1.5,"blue"
"353",31294492,"G","A","MGF",1.5,"blue"
"354",31298233,"G","A","MGF",1.5,"blue"
"355",31304525,"A","G","MGF",1.5,"blue"
"356",31465221,"T","C","MGF",1.5,"blue"
"357",31480114,"T","C","MGF",1.5,"blue"
"358",31481326,"C","T","MGF",1.5,"blue"
"359",31509235,"G","A","MGF",1.5,"blue"
"360",31509373,"T","C","MGF",1.5,"blue"
"361",31514777,"A","G","MGF",1.5,"blue"
"362",31523241,"A","G","MGF",1.5,"blue"
"363",31529089,"A","G","MGF",1.5,"blue"
"364",31534154,"T","C","MGF",1.5,"blue"
"365",31535760,"G","A","MGF",1.5,"blue"
"366",31541869,"C","T","MGF",1.5,"blue"
"367",31541976,"T","C","MGF",1.5,"blue"
"368",31564031,"G","A","MGF",1.5,"blue"
"369",31652978,"A","G","MGF",1.5,"blue"
"370",31701980,"C","T","MGF",1.5,"blue"
"371",31708743,"C","T","MGF",1.5,"blue"
"372",31725691,"T","C","MGF",1.5,"blue"
"373",31826767,"G","A","MGF",1.5,"blue"
"374",31934533,"A","G","MGF",1.5,"blue"
"375",31938413,"T","C","MGF",1.5,"blue"
"376",32141967,"C","A","MGF",1.5,"blue"
"377",32187943,"G","T","MGF",1.5,"blue"
"378",32189248,"C","T","MGF",1.5,"blue"
"379",32190484,"C","A","MGF",1.5,"blue"
"380",32217789,"A","G","MGF",1.5,"blue"
"381",32234614,"G","A","MGF",1.5,"blue"
"382",32279180,"T","G","MGF",1.5,"blue"
"383",32419270,"A","A","MGM",0.5,"red"
"384",32423251,"C","C","MGM",0.5,"red"
"385",32514045,"G","G","MGM",0.5,"red"
"386",32751913,"T","T","MGM",0.5,"red"
"387",33029986,"C","C","MGM",0.5,"red"
"388",33033490,"A","A","MGM",0.5,"red"
"389",33434128,"A","A","MGM",0.5,"red"
"390",33657998,"C","C","MGM",0.5,"red"
"391",33848994,"T","T","MGM",0.5,"red"
"392",33965915,"T","T","MGM",0.5,"red"
"393",34002408,"A","A","MGM",0.5,"red"
"394",34013205,"T","T","MGM",0.5,"red"
"395",34044916,"A","A","MGM",0.5,"red"
"396",34080929,"C","C","MGM",0.5,"red"
"397",34086193,"C","C","MGM",0.5,"red"
"398",34261067,"C","C","MGM",0.5,"red"
"399",34299081,"A","A","MGM",0.5,"red"
"400",34314578,"A","A","MGM",0.5,"red"
"401",34336598,"C","C","MGM",0.5,"red"
"402",34381105,"T","T","MGM",0.5,"red"
"403",34426464,"A","A","MGM",0.5,"red"
"404",34465049,"C","C","MGM",0.5,"red"
"405",34500346,"G","G","MGM",0.5,"red"
"406",34701918,"G","G","MGM",0.5,"red"
"407",34718534,"A","A","MGM",0.5,"red"
"408",34719822,"C","C","MGM",0.5,"red"
"409",34732563,"A","A","MGM",0.5,"red"
"410",34757760,"T","T","MGM",0.5,"red"
"411",34783141,"T","T","MGM",0.5,"red"
"412",34798258,"C","C","MGM",0.5,"red"
"413",35925872,"T","T","MGM",0.5,"red"
"414",35950281,"T","T","MGM",0.5,"red"
"415",35987444,"G","G","MGM",0.5,"red"
"416",36003776,"A","A","MGM",0.5,"red"
"417",36033247,"G","G","MGM",0.5,"red"
"418",36348072,"G","G","MGM",0.5,"red"
"419",36524730,"A","A","MGM",0.5,"red"
"420",36690671,"A","A","MGM",0.5,"red"
"421",36703758,"T","T","MGM",0.5,"red"
"422",37531516,"C","C","MGM",0.5,"red"
"423",37535577,"A","A","MGM",0.5,"red"
"424",37537087,"G","G","MGM",0.5,"red"
"425",37540897,"T","T","MGM",0.5,"red"
"426",37573230,"C","C","MGM",0.5,"red"
"427",37574024,"G","G","MGM",0.5,"red"
"428",37576139,"T","T","MGM",0.5,"red"
"429",37588447,"A","A","MGM",0.5,"red"
"430",37598382,"T","T","MGM",0.5,"red"
"431",37820222,"C","C","MGM",0.5,"red"
"432",37826722,"A","A","MGM",0.5,"red"
"433",37827350,"A","A","MGM",0.5,"red"
"434",37867504,"G","G","MGM",0.5,"red"
"435",37870175,"G","G","MGM",0.5,"red"
"436",38009700,"T","T","MGM",0.5,"red"
"437",38013493,"G","G","MGM",0.5,"red"
"438",38019428,"T","T","MGM",0.5,"red"
"439",38051941,"C","C","MGM",0.5,"red"
"440",38370556,"G","G","MGM",0.5,"red"
"441",38395562,"C","C","MGM",0.5,"red"
"442",38418005,"A","A","MGM",0.5,"red"
"443",38707352,"T","T","MGM",0.5,"red"
"444",38736230,"T","T","MGM",0.5,"red"
"445",38750375,"A","A","MGM",0.5,"red"
"446",38752935,"G","G","MGM",0.5,"red"
"447",38753977,"T","T","MGM",0.5,"red"
"448",38764998,"G","G","MGM",0.5,"red"
"449",38766675,"G","G","MGM",0.5,"red"
"450",38767315,"C","C","MGM",0.5,"red"
"451",38768300,"C","C","MGM",0.5,"red"
"452",38770639,"G","G","MGM",0.5,"red"
"453",38774832,"T","T","MGM",0.5,"red"
"454",38777554,"G","G","MGM",0.5,"red"
"455",38782026,"C","C","MGM",0.5,"red"
"456",38796985,"G","G","MGM",0.5,"red"
"457",38798836,"T","T","MGM",0.5,"red"
"458",38802251,"G","G","MGM",0.5,"red"
"459",38803618,"A","A","MGM",0.5,"red"
"460",38804588,"T","T","MGM",0.5,"red"
"461",38813465,"T","T","MGM",0.5,"red"
"462",38817699,"G","G","MGM",0.5,"red"
"463",38830893,"A","A","MGM",0.5,"red"
"464",39005889,"T","T","MGM",0.5,"red"
"465",39034233,"T","T","MGM",0.5,"red"
"466",39059192,"G","G","MGM",0.5,"red"
"467",39198940,"G","G","MGM",0.5,"red"
"468",39231724,"A","A","MGM",0.5,"red"
"469",39249753,"A","A","MGM",0.5,"red"
"470",39296828,"A","A","MGM",0.5,"red"
"471",39304602,"T","T","MGM",0.5,"red"
"472",39307256,"T","T","MGM",0.5,"red"
"473",39315901,"T","T","MGM",0.5,"red"
"474",39334720,"T","T","MGM",0.5,"red"
"475",39337941,"A","A","MGM",0.5,"red"
"476",39357305,"G","G","MGM",0.5,"red"
"477",39630073,"C","C","MGM",0.5,"red"
"478",39707426,"C","C","MGM",0.5,"red"
"479",39776225,"T","T","MGM",0.5,"red"
"480",39809870,"G","G","MGM",0.5,"red"
"481",39985393,"C","C","MGM",0.5,"red"
"482",40008634,"C","C","MGM",0.5,"red"
"483",40032958,"G","G","MGM",0.5,"red"
"484",40300405,"A","A","MGM",0.5,"red"
"485",40301178,"C","C","MGM",0.5,"red"
"486",40309225,"A","A","MGM",0.5,"red"
"487",40374551,"T","T","MGM",0.5,"red"
"488",40378677,"T","T","MGM",0.5,"red"
"489",40441280,"G","G","MGM",0.5,"red"
"490",40441908,"T","T","MGM",0.5,"red"
"491",40447362,"T","T","MGM",0.5,"red"
"492",40449351,"C","C","MGM",0.5,"red"
"493",40468206,"G","G","MGM",0.5,"red"
"494",40494065,"T","T","MGM",0.5,"red"
"495",40531533,"C","C","MGM",0.5,"red"
"496",40608763,"T","T","MGM",0.5,"red"
"497",40825795,"T","T","MGM",0.5,"red"
"498",40890154,"T","T","MGM",0.5,"red"
"499",40930857,"T","T","MGM",0.5,"red"
"500",40939632,"G","G","MGM",0.5,"red"
"501",40977639,"G","G","MGM",0.5,"red"
"502",41012473,"G","G","MGM",0.5,"red"
"503",41058826,"G","G","MGM",0.5,"red"
"504",41063019,"A","A","MGM",0.5,"red"
"505",41717979,"G","G","MGM",0.5,"red"
"506",41719221,"G","G","MGM",0.5,"red"
"507",41726062,"A","A","MGM",0.5,"red"
"508",41741896,"G","G","MGM",0.5,"red"
"509",41760331,"T","T","MGM",0.5,"red"
"510",41781118,"A","A","MGM",0.5,"red"
"511",41786009,"C","C","MGM",0.5,"red"
"512",41849654,"C","C","MGM",0.5,"red"
"513",41925398,"C","C","MGM",0.5,"red"
"514",41928881,"C","C","MGM",0.5,"red"
"515",41987920,"T","T","MGM",0.5,"red"
"516",41996136,"T","T","MGM",0.5,"red"
"517",41998209,"G","G","MGM",0.5,"red"
"518",42032483,"C","C","MGM",0.5,"red"
"519",42065005,"G","G","MGM",0.5,"red"
"520",42073957,"A","A","MGM",0.5,"red"
"521",42091744,"C","C","MGM",0.5,"red"
"522",42104479,"C","C","MGM",0.5,"red"
"523",42448471,"A","A","MGM",0.5,"red"
"524",42550651,"G","G","MGM",0.5,"red"
"525",42553095,"C","C","MGM",0.5,"red"
"526",42566370,"C","C","MGM",0.5,"red"
"527",42568440,"T","T","MGM",0.5,"red"
"528",42585461,"A","A","MGM",0.5,"red"
"529",42738297,"A","A","MGM",0.5,"red"
"530",43259636,"T","T","MGM",0.5,"red"
"531",43297045,"T","T","MGM",0.5,"red"
"532",43334020,"G","G","MGM",0.5,"red"
"533",43341653,"C","C","MGM",0.5,"red"
"534",43396221,"A","A","MGM",0.5,"red"
"535",43417154,"G","G","MGM",0.5,"red"
"536",43417495,"C","C","MGM",0.5,"red"
"537",43433557,"T","T","MGM",0.5,"red"
"538",43532019,"A","A","MGM",0.5,"red"
"539",43628847,"A","A","MGM",0.5,"red"
"540",43643284,"T","T","MGM",0.5,"red"
"541",43682052,"C","C","MGM",0.5,"red"
"542",43765737,"T","T","MGM",0.5,"red"
"543",43772772,"A","A","MGM",0.5,"red"
"544",43782668,"A","A","MGM",0.5,"red"
"545",43801895,"A","A","MGM",0.5,"red"
"546",43801941,"T","T","MGM",0.5,"red"
"547",43803575,"G","G","MGM",0.5,"red"
"548",43805178,"A","A","MGM",0.5,"red"
"549",43833778,"T","T","MGM",0.5,"red"
"550",43892962,"C","C","MGM",0.5,"red"
"551",43932045,"A","A","MGM",0.5,"red"
"552",44068577,"G","G","MGM",0.5,"red"
"553",44083462,"G","G","MGM",0.5,"red"
"554",44097461,"G","G","MGM",0.5,"red"
"555",44104875,"T","T","MGM",0.5,"red"
"556",45130158,"T","T","MGM",0.5,"red"
"557",45177006,"C","C","MGM",0.5,"red"
"558",45185519,"T","T","MGM",0.5,"red"
"559",45220085,"T","T","MGM",0.5,"red"
"560",45222258,"A","A","MGM",0.5,"red"
"561",45224099,"A","A","MGM",0.5,"red"
"562",45257469,"T","T","MGM",0.5,"red"
"563",45276370,"C","C","MGM",0.5,"red"
"564",45282691,"G","G","MGM",0.5,"red"
"565",45288534,"T","T","MGM",0.5,"red"
"566",45304537,"G","G","MGM",0.5,"red"
"567",45362383,"A","A","MGM",0.5,"red"
"568",45371605,"T","T","MGM",0.5,"red"
"569",45440944,"G","G","MGM",0.5,"red"
"570",45466958,"T","T","MGM",0.5,"red"
"571",45475333,"G","G","MGM",0.5,"red"
"572",45500950,"G","G","MGM",0.5,"red"
"573",45512919,"C","C","MGM",0.5,"red"
"574",45536988,"T","T","MGM",0.5,"red"
"575",45572257,"A","A","MGM",0.5,"red"
"576",45591479,"A","A","MGM",0.5,"red"
"577",45598655,"T","T","MGM",0.5,"red"
"578",45598744,"T","T","MGM",0.5,"red"
"579",45600019,"G","G","MGM",0.5,"red"
"580",45613563,"C","C","MGM",0.5,"red"
"581",45623809,"G","G","MGM",0.5,"red"
"582",45710349,"A","A","MGM",0.5,"red"
"583",45719561,"A","A","MGM",0.5,"red"
"584",46139499,"G","G","MGM",0.5,"red"
"585",46177162,"G","G","MGM",0.5,"red"
"586",46272723,"G","G","MGM",0.5,"red"
"587",46274109,"G","G","MGM",0.5,"red"
"588",46323859,"A","A","MGM",0.5,"red"
"589",46471014,"G","G","MGM",0.5,"red"
"590",46508524,"A","A","MGM",0.5,"red"
"591",46513681,"A","A","MGM",0.5,"red"
"592",46649700,"C","C","MGM",0.5,"red"
"593",46702695,"T","T","MGM",0.5,"red"
"594",46705369,"A","A","MGM",0.5,"red"
"595",46711507,"T","T","MGM",0.5,"red"
"596",46721211,"G","G","MGM",0.5,"red"
"597",46734441,"A","A","MGM",0.5,"red"
"598",46753976,"C","C","MGM",0.5,"red"
"599",46852679,"G","G","MGM",0.5,"red"
"600",46976813,"C","C","MGM",0.5,"red"
"601",48215253,"A","A","MGM",0.5,"red"
"602",48312229,"G","G","MGM",0.5,"red"
"603",48335857,"T","T","MGM",0.5,"red"
"604",48349031,"C","C","MGM",0.5,"red"
"605",48362750,"T","T","MGM",0.5,"red"
"606",48384388,"T","T","MGM",0.5,"red"
"607",48393556,"G","G","MGM",0.5,"red"
"608",49326178,"G","G","MGM",0.5,"red"
"609",49362369,"T","T","MGM",0.5,"red"
"610",49395757,"A","A","MGM",0.5,"red"
"611",49441091,"A","A","MGM",0.5,"red"
"612",49453834,"T","T","MGM",0.5,"red"
"613",49455330,"T","T","MGM",0.5,"red"
"614",49570200,"T","T","MGM",0.5,"red"
"615",49572140,"G","G","MGM",0.5,"red"
"616",49606188,"C","C","MGM",0.5,"red"
"617",49656789,"G","G","MGM",0.5,"red"
"618",49697459,"A","A","MGM",0.5,"red"
"619",49714225,"C","C","MGM",0.5,"red"
"620",49719729,"A","A","MGM",0.5,"red"
"621",49721532,"A","A","MGM",0.5,"red"
"622",50332697,"A","A","MGM",0.5,"red"
"623",50371432,"A","A","MGM",0.5,"red"
"624",50478487,"T","T","MGM",0.5,"red"
"625",50513157,"A","A","MGM",0.5,"red"
"626",50580658,"A","A","MGM",0.5,"red"
"627",50615539,"A","A","MGM",0.5,"red"
"628",50670078,"T","T","MGM",0.5,"red"
"629",50692394,"C","C","MGM",0.5,"red"
"630",50711001,"C","C","MGM",0.5,"red"
"631",50771624,"G","G","MGM",0.5,"red"
"632",50897386,"G","G","MGM",0.5,"red"
"633",50927009,"C","C","MGM",0.5,"red"
"634",51000663,"C","C","MGM",0.5,"red"
"635",51103093,"G","G","MGM",0.5,"red"
"636",51243837,"C","C","MGM",0.5,"red"
"637",51248198,"A","A","MGM",0.5,"red"
"638",51409600,"C","C","MGM",0.5,"red"
"639",51416368,"T","T","MGM",0.5,"red"
"640",51420421,"A","A","MGM",0.5,"red"
"641",51568137,"T","T","MGM",0.5,"red"
"642",51581509,"G","G","MGM",0.5,"red"
"643",51626449,"G","G","MGM",0.5,"red"
"644",51689306,"A","A","MGM",0.5,"red"
"645",51874679,"C","C","MGM",0.5,"red"
"646",53259608,"T","T","MGM",0.5,"red"
"647",53282303,"A","A","MGM",0.5,"red"
"648",53397481,"T","T","MGM",0.5,"red"
"649",54033260,"C","C","MGM",0.5,"red"
"650",54080241,"A","A","MGM",0.5,"red"
"651",54104178,"T","T","MGM",0.5,"red"
"652",54118564,"G","G","MGM",0.5,"red"
"653",54149801,"A","A","MGM",0.5,"red"
"654",54152819,"T","T","MGM",0.5,"red"
"655",54164974,"G","G","MGM",0.5,"red"
"656",54171970,"G","G","MGM",0.5,"red"
"657",54296366,"C","C","MGM",0.5,"red"
"658",54297185,"G","G","MGM",0.5,"red"
"659",54334723,"A","A","MGM",0.5,"red"
"660",54351124,"G","G","MGM",0.5,"red"
"661",54486790,"C","C","MGM",0.5,"red"
"662",54518129,"T","T","MGM",0.5,"red"
"663",54527731,"G","G","MGM",0.5,"red"
"664",54529944,"C","C","MGM",0.5,"red"
"665",54569030,"C","C","MGM",0.5,"red"
"666",54765332,"T","T","MGM",0.5,"red"
"667",54777529,"G","G","MGM",0.5,"red"
"668",54802351,"G","G","MGM",0.5,"red"
"669",54803521,"C","C","MGM",0.5,"red"
"670",54884558,"A","A","MGM",0.5,"red"
"671",54897396,"T","T","MGM",0.5,"red"
"672",54919185,"G","G","MGM",0.5,"red"
"673",55030204,"G","G","MGM",0.5,"red"
"674",55065735,"A","A","MGM",0.5,"red"
"675",55100492,"G","G","MGM",0.5,"red"
"676",55112097,"G","G","MGM",0.5,"red"
"677",55333096,"T","T","MGM",0.5,"red"
"678",55430471,"G","G","MGM",0.5,"red"
"679",55431615,"C","C","MGM",0.5,"red"
"680",55441527,"T","T","MGM",0.5,"red"
"681",55491436,"A","A","MGM",0.5,"red"
"682",55519857,"A","A","MGM",0.5,"red"
"683",55618154,"T","T","MGM",0.5,"red"
"684",55618492,"G","G","MGM",0.5,"red"
"685",55631684,"C","C","MGM",0.5,"red"
"686",55636745,"A","A","MGM",0.5,"red"
"687",55693291,"A","A","MGM",0.5,"red"
"688",55717050,"T","T","MGM",0.5,"red"
"689",55719552,"C","C","MGM",0.5,"red"
"690",55736867,"A","A","MGM",0.5,"red"
"691",55816899,"C","C","MGM",0.5,"red"
"692",55881520,"T","T","MGM",0.5,"red"
"693",55883396,"C","C","MGM",0.5,"red"
"694",55935878,"A","A","MGM",0.5,"red"
"695",55943591,"T","T","MGM",0.5,"red"
"696",55952782,"A","A","MGM",0.5,"red"
"697",55979964,"A","A","MGM",0.5,"red"
"698",56035242,"G","G","MGM",0.5,"red"
"699",56058518,"C","C","MGM",0.5,"red"
"700",56086424,"G","G","MGM",0.5,"red"
"701",56099091,"G","G","MGM",0.5,"red"
"702",56104643,"G","G","MGM",0.5,"red"
"703",56114348,"A","A","MGM",0.5,"red"
"704",56147139,"C","C","MGM",0.5,"red"
"705",56282978,"C","C","MGM",0.5,"red"
"706",56434215,"A","A","MGM",0.5,"red"
"707",56556790,"T","T","MGM",0.5,"red"
"708",56590069,"A","A","MGM",0.5,"red"
"709",56593680,"T","T","MGM",0.5,"red"
"710",56597954,"C","C","MGM",0.5,"red"
"711",56647799,"C","C","MGM",0.5,"red"
"712",56658871,"C","C","MGM",0.5,"red"
"713",56763228,"C","C","MGM",0.5,"red"
"714",56830087,"C","C","MGM",0.5,"red"
"715",56831267,"T","T","MGM",0.5,"red"
"716",56831548,"A","A","MGM",0.5,"red"
"717",56833979,"T","T","MGM",0.5,"red"
"718",56835761,"G","G","MGM",0.5,"red"
"719",56836740,"T","T","MGM",0.5,"red"
"720",56843028,"G","G","MGM",0.5,"red"
"721",56846069,"T","T","MGM",0.5,"red"
"722",56927023,"A","A","MGM",0.5,"red"
"723",57096512,"A","A","MGM",0.5,"red"
"724",58063405,"A","A","MGM",0.5,"red"
"725",58619522,"T","T","MGM",0.5,"red"
"726",58641352,"T","T","MGM",0.5,"red"
"727",58644623,"T","T","MGM",0.5,"red"
"728",58649994,"G","G","MGM",0.5,"red"
"729",58711094,"A","A","MGM",0.5,"red"
"730",58739196,"T","T","MGM",0.5,"red"
"731",58782604,"T","T","MGM",0.5,"red"
"732",58834824,"G","G","MGM",0.5,"red"
"733",58834890,"T","T","MGM",0.5,"red"
"734",58854505,"C","C","MGM",0.5,"red"
"735",58904478,"C","C","MGM",0.5,"red"
"736",59029832,"T","T","MGM",0.5,"red"
"737",59185912,"C","C","MGM",0.5,"red"
"738",59191320,"G","G","MGM",0.5,"red"
"739",59778003,"G","G","MGM",0.5,"red"
"740",59789058,"C","C","MGM",0.5,"red"
"741",59795925,"G","G","MGM",0.5,"red"
"742",59999965,"T","T","MGM",0.5,"red"
"743",60001825,"C","C","MGM",0.5,"red"
"744",60002455,"C","C","MGM",0.5,"red"
"745",60010769,"T","T","MGM",0.5,"red"
"746",60019550,"T","T","MGM",0.5,"red"
"747",60020000,"G","G","MGM",0.5,"red"
"748",60022109,"C","C","MGM",0.5,"red"
"749",60024084,"T","T","MGM",0.5,"red"
"750",60024883,"T","T","MGM",0.5,"red"
"751",60037145,"A","A","MGM",0.5,"red"
"752",60038000,"G","G","MGM",0.5,"red"
"753",60047721,"C","C","MGM",0.5,"red"
"754",60059041,"G","G","MGM",0.5,"red"
"755",60062400,"G","G","MGM",0.5,"red"
"756",60065257,"A","A","MGM",0.5,"red"
"757",60069828,"A","A","MGM",0.5,"red"
"758",60076491,"A","A","MGM",0.5,"red"
"759",60079868,"G","G","MGM",0.5,"red"
"760",60080887,"T","T","MGM",0.5,"red"
"761",60089571,"C","C","MGM",0.5,"red"
"762",60349304,"C","C","MGM",0.5,"red"
"763",60582730,"C","C","MGM",0.5,"red"
"764",60591506,"C","C","MGM",0.5,"red"
"765",60631936,"G","G","MGM",0.5,"red"
"766",60727326,"G","G","MGM",0.5,"red"
"767",60729115,"T","T","MGM",0.5,"red"
"768",60740480,"C","C","MGM",0.5,"red"
"769",61549295,"A","A","MGM",0.5,"red"
"770",61688641,"C","C","MGM",0.5,"red"
"771",61693826,"A","A","MGM",0.5,"red"
"772",61706745,"T","T","MGM",0.5,"red"
"773",61728831,"A","A","MGM",0.5,"red"
"774",61729061,"G","G","MGM",0.5,"red"
"775",61742742,"C","C","MGM",0.5,"red"
"776",61880327,"C","C","MGM",0.5,"red"
"777",61907965,"A","A","MGM",0.5,"red"
"778",61914321,"C","C","MGM",0.5,"red"
"779",61936606,"G","G","MGM",0.5,"red"
"780",61940856,"A","A","MGM",0.5,"red"
"781",61941532,"A","A","MGM",0.5,"red"
"782",61945532,"A","A","MGM",0.5,"red"
"783",61956588,"C","C","MGM",0.5,"red"
"784",61958023,"G","G","MGM",0.5,"red"
"785",61993536,"G","G","MGM",0.5,"red"
"786",62028246,"A","A","MGM",0.5,"red"
"787",62030649,"G","G","MGM",0.5,"red"
"788",62032616,"G","G","MGM",0.5,"red"
"789",62040007,"C","C","MGM",0.5,"red"
"790",62044608,"C","C","MGM",0.5,"red"
"791",62133492,"A","A","MGM",0.5,"red"
"792",62134802,"C","C","MGM",0.5,"red"
"793",62154996,"G","G","MGM",0.5,"red"
"794",62212162,"G","G","MGM",0.5,"red"
"795",62244570,"C","C","MGM",0.5,"red"
"796",62246422,"G","G","MGM",0.5,"red"
"797",62266954,"G","G","MGM",0.5,"red"
"798",62272627,"C","C","MGM",0.5,"red"
"799",62281436,"G","G","MGM",0.5,"red"
"800",62304320,"C","C","MGM",0.5,"red"
"801",62315312,"T","T","MGM",0.5,"red"
"802",62324103,"A","A","MGM",0.5,"red"
"803",62341044,"T","T","MGM",0.5,"red"
"804",62344960,"T","T","MGM",0.5,"red"
"805",62352659,"T","T","MGM",0.5,"red"
"806",62352677,"G","G","MGM",0.5,"red"
"807",62354964,"A","A","MGM",0.5,"red"
"808",62369592,"A","A","MGM",0.5,"red"
"809",62501634,"T","T","MGM",0.5,"red"
"810",62515148,"C","C","MGM",0.5,"red"
"811",62544639,"G","G","MGM",0.5,"red"
"812",62544685,"T","T","MGM",0.5,"red"
"813",62564515,"T","T","MGM",0.5,"red"
"814",62583180,"C","C","MGM",0.5,"red"
"815",62598265,"A","A","MGM",0.5,"red"
"816",63380099,"A","A","MGM",0.5,"red"
"817",63504600,"T","T","MGM",0.5,"red"
"818",63505191,"T","T","MGM",0.5,"red"
"819",63524804,"C","C","MGM",0.5,"red"
"820",63532999,"T","T","MGM",0.5,"red"
"821",63563282,"C","C","MGM",0.5,"red"
"822",63591298,"T","T","MGM",0.5,"red"
"823",63611223,"T","T","MGM",0.5,"red"
"824",63624266,"C","C","MGM",0.5,"red"
"825",63639624,"T","T","MGM",0.5,"red"
"826",63640601,"T","T","MGM",0.5,"red"
"827",63662859,"A","A","MGM",0.5,"red"
"828",63665132,"T","T","MGM",0.5,"red"
"829",63937992,"T","T","MGM",0.5,"red"
"830",63958418,"T","T","MGM",0.5,"red"
"831",64184956,"A","A","MGM",0.5,"red"
"832",64206604,"T","T","MGM",0.5,"red"
"833",64225376,"T","T","MGM",0.5,"red"
"834",64227748,"C","C","MGM",0.5,"red"
"835",64242106,"A","A","MGM",0.5,"red"
"836",64242895,"C","C","MGM",0.5,"red"
"837",64476640,"G","G","MGM",0.5,"red"
"838",64478151,"C","C","MGM",0.5,"red"
"839",64617070,"T","T","MGM",0.5,"red"
"840",64629698,"A","A","MGM",0.5,"red"
"841",64632256,"A","A","MGM",0.5,"red"
"842",64634411,"C","C","MGM",0.5,"red"
"843",64636128,"A","A","MGM",0.5,"red"
"844",64993316,"G","G","MGM",0.5,"red"
"845",64993562,"G","G","MGM",0.5,"red"
"846",65077476,"G","G","MGM",0.5,"red"
"847",65103850,"A","A","MGM",0.5,"red"
"848",65104234,"G","G","MGM",0.5,"red"
"849",65222847,"C","C","MGM",0.5,"red"
"850",65266072,"G","G","MGM",0.5,"red"
"851",65272717,"C","C","MGM",0.5,"red"
"852",65274417,"A","A","MGM",0.5,"red"
"853",65281934,"G","G","MGM",0.5,"red"
"854",65306966,"G","G","MGM",0.5,"red"
"855",65322448,"T","T","MGM",0.5,"red"
"856",65326802,"A","A","MGM",0.5,"red"
"857",65326882,"C","C","MGM",0.5,"red"
"858",65328946,"A","A","MGM",0.5,"red"
"859",66140704,"C","C","MGM",0.5,"red"
"860",66348475,"C","C","MGM",0.5,"red"
"861",66372144,"C","C","MGM",0.5,"red"
"862",66419956,"C","C","MGM",0.5,"red"
"863",66686748,"G","G","MGM",0.5,"red"
"864",66699668,"T","T","MGM",0.5,"red"
"865",66700959,"G","G","MGM",0.5,"red"
"866",66703685,"G","G","MGM",0.5,"red"
"867",66704744,"T","T","MGM",0.5,"red"
"868",66721682,"T","T","MGM",0.5,"red"
"869",66725058,"A","A","MGM",0.5,"red"
"870",66750570,"G","G","MGM",0.5,"red"
"871",66753674,"C","C","MGM",0.5,"red"
"872",66759545,"T","T","MGM",0.5,"red"
"873",66761125,"A","A","MGM",0.5,"red"
"874",66783668,"G","G","MGM",0.5,"red"
"875",66790662,"A","A","MGM",0.5,"red"
"876",66802514,"A","A","MGM",0.5,"red"
"877",66804504,"A","A","MGM",0.5,"red"
"878",66811847,"A","A","MGM",0.5,"red"
"879",66836192,"G","G","MGM",0.5,"red"
"880",66845554,"G","G","MGM",0.5,"red"
"881",66848809,"C","C","MGM",0.5,"red"
"882",66853608,"T","T","MGM",0.5,"red"
"883",66860401,"A","A","MGM",0.5,"red"
"884",66862644,"C","C","MGM",0.5,"red"
"885",67023150,"T","T","MGM",0.5,"red"
"886",67219646,"G","G","MGM",0.5,"red"
"887",67225017,"T","T","MGM",0.5,"red"
"888",67250048,"T","T","MGM",0.5,"red"
"889",67266117,"T","T","MGM",0.5,"red"
"890",67275300,"T","T","MGM",0.5,"red"
"891",67458562,"C","C","MGM",0.5,"red"
"892",67567254,"G","G","MGM",0.5,"red"
"893",67672171,"T","T","MGM",0.5,"red"
"894",67755257,"G","G","MGM",0.5,"red"
"895",67756224,"C","C","MGM",0.5,"red"
"896",67761916,"A","A","MGM",0.5,"red"
"897",68472602,"G","G","MGM",0.5,"red"
"898",68503271,"G","G","MGM",0.5,"red"
"899",68554434,"C","C","MGM",0.5,"red"
"900",68590268,"T","T","MGM",0.5,"red"
"901",69059023,"C","C","MGM",0.5,"red"
"902",69106211,"A","A","MGM",0.5,"red"
"903",69224770,"A","A","MGM",0.5,"red"
"904",69365528,"G","G","MGM",0.5,"red"
"905",69370396,"T","T","MGM",0.5,"red"
"906",69699700,"G","G","MGM",0.5,"red"
"907",69707585,"T","T","MGM",0.5,"red"
"908",70900385,"C","C","MGM",0.5,"red"
"909",71164178,"C","C","MGM",0.5,"red"
"910",71292039,"A","A","MGM",0.5,"red"
"911",71354800,"A","A","MGM",0.5,"red"
"912",71379546,"A","A","MGM",0.5,"red"
"913",71389498,"C","C","MGM",0.5,"red"
"914",71398494,"T","T","MGM",0.5,"red"
"915",71477708,"C","C","MGM",0.5,"red"
"916",71641696,"A","A","MGM",0.5,"red"
"917",71647281,"A","A","MGM",0.5,"red"
"918",71657226,"G","G","MGM",0.5,"red"
"919",71665559,"C","C","MGM",0.5,"red"
"920",71666535,"T","T","MGM",0.5,"red"
"921",71668564,"A","A","MGM",0.5,"red"
"922",71670465,"C","C","MGM",0.5,"red"
"923",71674676,"G","G","MGM",0.5,"red"
"924",71675270,"A","A","MGM",0.5,"red"
"925",71682905,"G","G","MGM",0.5,"red"
"926",71684845,"T","T","MGM",0.5,"red"
"927",71719630,"A","A","MGM",0.5,"red"
"928",71719964,"G","G","MGM",0.5,"red"
"929",71726259,"C","C","MGM",0.5,"red"
"930",71737107,"G","G","MGM",0.5,"red"
"931",71739564,"C","C","MGM",0.5,"red"
"932",71743681,"T","T","MGM",0.5,"red"
"933",71744801,"A","A","MGM",0.5,"red"
"934",71752407,"C","C","MGM",0.5,"red"
"935",71767413,"T","T","MGM",0.5,"red"
"936",71768770,"G","G","MGM",0.5,"red"
"937",72014171,"G","G","MGM",0.5,"red"
"938",72042599,"T","T","MGM",0.5,"red"
"939",72110452,"A","A","MGM",0.5,"red"
"940",72111169,"A","A","MGM",0.5,"red"
"941",72118981,"T","T","MGM",0.5,"red"
"942",72126377,"T","T","MGM",0.5,"red"
"943",72128884,"C","C","MGM",0.5,"red"
"944",72149119,"G","G","MGM",0.5,"red"
"945",72150727,"T","T","MGM",0.5,"red"
"946",72151732,"G","G","MGM",0.5,"red"
"947",72209597,"A","A","MGM",0.5,"red"
"948",72437413,"T","T","MGM",0.5,"red"
"949",72455797,"C","C","MGM",0.5,"red"
"950",72553512,"A","A","MGM",0.5,"red"
"951",72558999,"C","C","MGM",0.5,"red"
"952",72705741,"T","T","MGM",0.5,"red"
"953",72709390,"G","G","MGM",0.5,"red"
"954",73304696,"A","A","MGM",0.5,"red"
"955",73406318,"G","G","MGM",0.5,"red"
"956",73412599,"T","T","MGM",0.5,"red"
"957",73434086,"G","G","MGM",0.5,"red"
"958",73435210,"T","T","MGM",0.5,"red"
"959",73506785,"T","T","MGM",0.5,"red"
"960",73528482,"T","T","MGM",0.5,"red"
"961",73551436,"T","T","MGM",0.5,"red"
"962",73724526,"G","G","MGM",0.5,"red"
"963",73808557,"A","A","MGM",0.5,"red"
"964",73822711,"T","T","MGM",0.5,"red"
"965",73829024,"C","C","MGM",0.5,"red"
"966",74334050,"A","A","MGM",0.5,"red"
"967",74405726,"A","A","MGM",0.5,"red"
"968",74458518,"C","C","MGM",0.5,"red"
"969",74460896,"C","C","MGM",0.5,"red"
"970",74461792,"G","G","MGM",0.5,"red"
"971",74465691,"G","G","MGM",0.5,"red"
"972",74485139,"G","G","MGM",0.5,"red"
"973",74490422,"C","C","MGM",0.5,"red"
"974",74513576,"T","T","MGM",0.5,"red"
"975",74526216,"A","A","MGM",0.5,"red"
"976",74527165,"C","C","MGM",0.5,"red"
"977",74908822,"C","C","MGM",0.5,"red"
"978",74915001,"G","G","MGM",0.5,"red"
"979",75009019,"C","C","MGM",0.5,"red"
"980",75040339,"A","A","MGM",0.5,"red"
"981",75354435,"G","G","MGM",0.5,"red"
"982",75961218,"G","G","MGM",0.5,"red"
"983",75963401,"C","C","MGM",0.5,"red"
"984",75974251,"C","C","MGM",0.5,"red"
"985",76158788,"A","A","MGM",0.5,"red"
"986",76158947,"A","A","MGM",0.5,"red"
"987",76159352,"G","G","MGM",0.5,"red"
"988",76163422,"C","C","MGM",0.5,"red"
"989",76169642,"G","G","MGM",0.5,"red"
"990",76178771,"A","A","MGM",0.5,"red"
"991",76184968,"T","T","MGM",0.5,"red"
"992",76866452,"G","G","MGM",0.5,"red"
"993",76917321,"T","T","MGM",0.5,"red"
"994",76931014,"T","T","MGM",0.5,"red"
"995",76940455,"C","C","MGM",0.5,"red"
"996",77037626,"C","C","MGM",0.5,"red"
"997",77057687,"C","C","MGM",0.5,"red"
"998",77288105,"C","C","MGM",0.5,"red"
"999",77291050,"A","A","MGM",0.5,"red"
"1000",77517611,"T","T","MGM",0.5,"red"
"1001",77526065,"A","A","MGM",0.5,"red"
"1002",77546264,"G","G","MGM",0.5,"red"
"1003",77560662,"A","A","MGM",0.5,"red"
"1004",77604987,"T","T","MGM",0.5,"red"
"1005",77716749,"G","G","MGM",0.5,"red"
"1006",77742551,"C","C","MGM",0.5,"red"
"1007",77752758,"A","A","MGM",0.5,"red"
"1008",77754333,"A","A","MGM",0.5,"red"
"1009",77758031,"C","C","MGM",0.5,"red"
"1010",77764243,"A","A","MGM",0.5,"red"
"1011",77764672,"C","C","MGM",0.5,"red"
"1012",77974318,"C","C","MGM",0.5,"red"
"1013",78002349,"T","T","MGM",0.5,"red"
"1014",78069352,"C","C","MGM",0.5,"red"
"1015",78078924,"A","A","MGM",0.5,"red"
"1016",78132623,"C","C","MGM",0.5,"red"
"1017",78231381,"A","A","MGM",0.5,"red"
"1018",78250306,"A","A","MGM",0.5,"red"
"1019",78276135,"T","T","MGM",0.5,"red"
"1020",78279461,"T","T","MGM",0.5,"red"
"1021",78279982,"C","C","MGM",0.5,"red"
"1022",78287935,"C","C","MGM",0.5,"red"
"1023",78310110,"C","C","MGM",0.5,"red"
"1024",78322422,"T","T","MGM",0.5,"red"
"1025",78324964,"G","G","MGM",0.5,"red"
"1026",78337174,"C","C","MGM",0.5,"red"
"1027",78400215,"A","A","MGM",0.5,"red"
"1028",78455767,"T","T","MGM",0.5,"red"
"1029",78503357,"A","A","MGM",0.5,"red"
"1030",78519523,"T","T","MGM",0.5,"red"
"1031",78535374,"G","G","MGM",0.5,"red"
"1032",78594819,"A","A","MGM",0.5,"red"
"1033",78595335,"A","A","MGM",0.5,"red"
"1034",78603549,"A","A","MGM",0.5,"red"
"1035",78695185,"G","G","MGM",0.5,"red"
"1036",78896598,"C","C","MGM",0.5,"red"
"1037",78902252,"C","C","MGM",0.5,"red"
"1038",78908171,"C","C","MGM",0.5,"red"
"1039",78913203,"C","C","MGM",0.5,"red"
"1040",78922852,"C","C","MGM",0.5,"red"
"1041",79951653,"C","C","MGM",0.5,"red"
"1042",79975460,"T","T","MGM",0.5,"red"
"1043",80044904,"A","A","MGM",0.5,"red"
"1044",80089042,"A","A","MGM",0.5,"red"
"1045",80098151,"A","A","MGM",0.5,"red"
"1046",80173567,"T","T","MGM",0.5,"red"
"1047",80883870,"G","G","MGM",0.5,"red"
"1048",81283362,"A","A","MGM",0.5,"red"
"1049",81498737,"G","G","MGM",0.5,"red"
"1050",81512863,"T","T","MGM",0.5,"red"
"1051",81537506,"T","T","MGM",0.5,"red"
"1052",81628976,"A","A","MGM",0.5,"red"
"1053",81634571,"G","G","MGM",0.5,"red"
"1054",81723365,"G","G","MGM",0.5,"red"
"1055",81885274,"G","G","MGM",0.5,"red"
"1056",84066103,"T","T","MGM",0.5,"red"
"1057",84147330,"C","C","MGM",0.5,"red"
"1058",84200533,"C","C","MGM",0.5,"red"
"1059",84202116,"G","G","MGM",0.5,"red"
"1060",84227795,"G","G","MGM",0.5,"red"
"1061",84304934,"A","A","MGM",0.5,"red"
"1062",84336945,"C","C","MGM",0.5,"red"
"1063",84342855,"T","T","MGM",0.5,"red"
"1064",84407703,"G","G","MGM",0.5,"red"
"1065",84427974,"T","T","MGM",0.5,"red"
"1066",84493145,"C","C","MGM",0.5,"red"
"1067",84495097,"A","A","MGM",0.5,"red"
"1068",84569395,"C","C","MGM",0.5,"red"
"1069",84589839,"A","A","MGM",0.5,"red"
"1070",84644186,"A","A","MGM",0.5,"red"
"1071",84679083,"C","C","MGM",0.5,"red"
"1072",84688173,"G","G","MGM",0.5,"red"
"1073",84696539,"T","T","MGM",0.5,"red"
"1074",84873993,"A","A","MGM",0.5,"red"
"1075",84897368,"G","G","MGM",0.5,"red"
"1076",84930139,"T","T","MGM",0.5,"red"
"1077",84940927,"T","T","MGM",0.5,"red"
"1078",84993411,"A","A","MGM",0.5,"red"
"1079",84997898,"C","C","MGM",0.5,"red"
"1080",85027828,"T","T","MGM",0.5,"red"
"1081",86196341,"T","T","MGM",0.5,"red"
"1082",86213836,"G","G","MGM",0.5,"red"
"1083",86229700,"T","T","MGM",0.5,"red"
"1084",86249401,"G","G","MGM",0.5,"red"
"1085",86255672,"T","T","MGM",0.5,"red"
"1086",86264283,"T","T","MGM",0.5,"red"
"1087",86278209,"A","A","MGM",0.5,"red"
"1088",86290724,"C","C","MGM",0.5,"red"
"1089",86319669,"A","A","MGM",0.5,"red"
"1090",86356130,"T","T","MGM",0.5,"red"
"1091",86362913,"C","C","MGM",0.5,"red"
"1092",86411485,"A","A","MGM",0.5,"red"
"1093",86457535,"T","T","MGM",0.5,"red"
"1094",86486239,"A","A","MGM",0.5,"red"
"1095",86490729,"A","A","MGM",0.5,"red"
"1096",86500544,"G","G","MGM",0.5,"red"
"1097",86554319,"T","T","MGM",0.5,"red"
"1098",86557037,"T","T","MGM",0.5,"red"
"1099",86571808,"C","C","MGM",0.5,"red"
"1100",86573780,"C","C","MGM",0.5,"red"
"1101",86654664,"A","A","MGM",0.5,"red"
"1102",86693504,"T","T","MGM",0.5,"red"
"1103",86720689,"A","A","MGM",0.5,"red"
"1104",86722823,"C","C","MGM",0.5,"red"
"1105",87223646,"A","A","MGM",0.5,"red"
"1106",87263497,"T","T","MGM",0.5,"red"
"1107",87350420,"G","G","MGM",0.5,"red"
"1108",88455705,"C","C","MGM",0.5,"red"
"1109",94243713,"A","A","MGM",0.5,"red"
"1110",94339867,"C","C","MGM",0.5,"red"
"1111",94487704,"T","T","MGM",0.5,"red"
"1112",95087142,"G","G","MGM",0.5,"red"
"1113",96098270,"G","G","MGM",0.5,"red"
"1114",96125199,"A","A","MGM",0.5,"red"
"1115",96436779,"T","T","MGM",0.5,"red"
"1116",96849665,"C","C","MGM",0.5,"red"
"1117",96932303,"G","G","MGM",0.5,"red"
"1118",97440269,"C","C","MGM",0.5,"red"
"1119",97451265,"C","C","MGM",0.5,"red"
"1120",97550849,"T","T","MGM",0.5,"red"
"1121",97712289,"T","T","MGM",0.5,"red"
"1122",97721745,"T","T","MGM",0.5,"red"
"1123",98101101,"T","T","MGM",0.5,"red"
"1124",98102684,"G","G","MGM",0.5,"red"
"1125",98147260,"C","C","MGM",0.5,"red"
"1126",98153308,"A","A","MGM",0.5,"red"
"1127",98174584,"A","A","MGM",0.5,"red"
"1128",98301093,"A","A","MGM",0.5,"red"
"1129",98303182,"A","A","MGM",0.5,"red"
"1130",98333868,"G","G","MGM",0.5,"red"
"1131",98416900,"T","T","MGM",0.5,"red"
"1132",98432559,"T","T","MGM",0.5,"red"
"1133",98493131,"T","T","MGM",0.5,"red"
"1134",98790767,"A","A","MGM",0.5,"red"
"1135",98833714,"G","G","MGM",0.5,"red"
"1136",99053890,"A","A","MGM",0.5,"red"
"1137",99073006,"G","G","MGM",0.5,"red"
"1138",99085806,"A","A","MGM",0.5,"red"
"1139",99094790,"T","T","MGM",0.5,"red"
"1140",99095896,"T","T","MGM",0.5,"red"
"1141",99107683,"A","A","MGM",0.5,"red"
"1142",99115940,"A","A","MGM",0.5,"red"
"1143",99116207,"A","A","MGM",0.5,"red"
"1144",99131755,"A","A","MGM",0.5,"red"
"1145",99138140,"A","A","MGM",0.5,"red"
"1146",99152366,"C","C","MGM",0.5,"red"
"1147",99152799,"T","T","MGM",0.5,"red"
"1148",99153858,"A","A","MGM",0.5,"red"
"1149",99161022,"G","G","MGM",0.5,"red"
"1150",99189574,"C","C","MGM",0.5,"red"
"1151",99189856,"T","T","MGM",0.5,"red"
"1152",99363985,"G","G","MGM",0.5,"red"
"1153",99410162,"G","G","MGM",0.5,"red"
"1154",100247142,"C","C","MGM",0.5,"red"
"1155",100677661,"T","T","MGM",0.5,"red"
"1156",100737036,"T","T","MGM",0.5,"red"
"1157",100768698,"C","C","MGM",0.5,"red"
"1158",101584983,"C","C","MGM",0.5,"red"
"1159",101666305,"G","G","MGM",0.5,"red"
"1160",101671534,"T","T","MGM",0.5,"red"
"1161",101673386,"A","A","MGM",0.5,"red"
"1162",101681481,"T","T","MGM",0.5,"red"
"1163",101712739,"T","T","MGM",0.5,"red"
"1164",101719377,"A","A","MGM",0.5,"red"
"1165",101720536,"A","A","MGM",0.5,"red"
"1166",102201538,"G","G","MGM",0.5,"red"
"1167",102259425,"C","C","MGM",0.5,"red"
"1168",102275521,"G","G","MGM",0.5,"red"
"1169",102317512,"T","T","MGM",0.5,"red"
"1170",102355402,"A","A","MGM",0.5,"red"
"1171",103089194,"C","C","MGM",0.5,"red"
"1172",103090241,"C","C","MGM",0.5,"red"
"1173",103094740,"C","C","MGM",0.5,"red"
"1174",103099956,"A","A","MGM",0.5,"red"
"1175",103108924,"A","A","MGM",0.5,"red"
"1176",103140700,"T","T","MGM",0.5,"red"
"1177",103167035,"G","G","MGM",0.5,"red"
"1178",103635435,"T","T","MGM",0.5,"red"
"1179",103637945,"G","G","MGM",0.5,"red"
"1180",103639646,"C","C","MGM",0.5,"red"
"1181",103678133,"T","T","MGM",0.5,"red"
"1182",103698105,"C","C","MGM",0.5,"red"
"1183",103746185,"T","T","MGM",0.5,"red"
"1184",103746843,"G","G","MGM",0.5,"red"
"1185",103777910,"G","G","MGM",0.5,"red"
"1186",104057483,"A","A","MGM",0.5,"red"
"1187",104078692,"G","G","MGM",0.5,"red"
"1188",104107435,"T","T","MGM",0.5,"red"
"1189",104232663,"A","A","MGM",0.5,"red"
"1190",104289464,"T","T","MGM",0.5,"red"
"1191",104315714,"T","T","MGM",0.5,"red"
"1192",104389814,"T","T","MGM",0.5,"red"
"1193",104428281,"A","A","MGM",0.5,"red"
"1194",104432140,"T","T","MGM",0.5,"red"
"1195",104586688,"C","C","MGM",0.5,"red"
"1196",104737039,"C","C","MGM",0.5,"red"
"1197",104833842,"G","G","MGM",0.5,"red"
"1198",104970715,"T","T","MGM",0.5,"red"
"1199",104986735,"A","A","MGM",0.5,"red"
"1200",105341214,"A","A","MGM",0.5,"red"
"1201",105444536,"T","T","MGM",0.5,"red"
"1202",105500218,"A","A","MGM",0.5,"red"
"1203",105762360,"C","C","MGM",0.5,"red"
"1204",105790348,"T","T","MGM",0.5,"red"
"1205",105825014,"C","C","MGM",0.5,"red"
"1206",105846933,"A","A","MGM",0.5,"red"
"1207",105847367,"A","A","MGM",0.5,"red"
"1208",105895352,"T","T","MGM",0.5,"red"
"1209",105911052,"G","G","MGM",0.5,"red"
"1210",105911539,"C","C","MGM",0.5,"red"
"1211",105912130,"C","C","MGM",0.5,"red"
"1212",105925276,"C","C","MGM",0.5,"red"
"1213",105943369,"A","A","MGM",0.5,"red"
"1214",105959258,"T","T","MGM",0.5,"red"
"1215",106379000,"C","C","MGM",0.5,"red"
"1216",106402233,"G","G","MGM",0.5,"red"
"1217",106536926,"T","T","MGM",0.5,"red"
"1218",106582293,"T","T","MGM",0.5,"red"
"1219",107078058,"C","C","MGM",0.5,"red"
"1220",107089332,"G","G","MGM",0.5,"red"
"1221",107091046,"T","T","MGM",0.5,"red"
"1222",107127171,"A","A","MGM",0.5,"red"
"1223",107153088,"T","T","MGM",0.5,"red"
"1224",107162676,"A","A","MGM",0.5,"red"
"1225",107185073,"G","G","MGM",0.5,"red"
"1226",107223736,"G","G","MGM",0.5,"red"
"1227",107235710,"C","C","MGM",0.5,"red"
"1228",107597927,"A","A","MGM",0.5,"red"
"1229",107732083,"A","A","MGM",0.5,"red"
"1230",107817299,"A","A","MGM",0.5,"red"
"1231",108099780,"T","T","MGM",0.5,"red"
"1232",108126872,"C","C","MGM",0.5,"red"
"1233",108130387,"T","T","MGM",0.5,"red"
"1234",108278077,"C","C","MGM",0.5,"red"
"1235",108303661,"A","A","MGM",0.5,"red"
"1236",108309323,"T","T","MGM",0.5,"red"
"1237",108496727,"G","G","MGM",0.5,"red"
"1238",108531959,"C","C","MGM",0.5,"red"
"1239",108991441,"A","A","MGM",0.5,"red"
"1240",109003923,"T","T","MGM",0.5,"red"
"1241",109052732,"C","C","MGM",0.5,"red"
"1242",109091698,"G","G","MGM",0.5,"red"
"1243",109213091,"C","C","MGM",0.5,"red"
"1244",109349279,"C","C","MGM",0.5,"red"
"1245",109421199,"A","A","MGM",0.5,"red"
"1246",109496029,"A","A","MGM",0.5,"red"
"1247",110830515,"G","G","MGM",0.5,"red"
"1248",111003863,"C","C","MGM",0.5,"red"
"1249",111326538,"G","G","MGM",0.5,"red"
"1250",111338169,"T","T","MGM",0.5,"red"
"1251",111399209,"T","T","MGM",0.5,"red"
"1252",111405407,"T","T","MGM",0.5,"red"
"1253",111405944,"T","T","MGM",0.5,"red"
"1254",111416310,"A","A","MGM",0.5,"red"
"1255",111704406,"C","C","MGM",0.5,"red"
"1256",112026120,"G","G","MGM",0.5,"red"
"1257",112053246,"C","C","MGM",0.5,"red"
"1258",112059213,"A","A","MGM",0.5,"red"
"1259",112061731,"A","A","MGM",0.5,"red"
"1260",112072833,"A","A","MGM",0.5,"red"
"1261",112079277,"T","T","MGM",0.5,"red"
"1262",112353238,"C","C","MGM",0.5,"red"
"1263",112555473,"A","A","MGM",0.5,"red"
"1264",112567789,"A","A","MGM",0.5,"red"
"1265",112724619,"G","G","MGM",0.5,"red"
"1266",112782186,"G","G","MGM",0.5,"red"
"1267",112789865,"T","T","MGM",0.5,"red"
"1268",112816192,"G","G","MGM",0.5,"red"
"1269",112823366,"T","T","MGM",0.5,"red"
"1270",112950630,"C","C","MGM",0.5,"red"
"1271",112951608,"A","A","MGM",0.5,"red"
"1272",112966416,"T","T","MGM",0.5,"red"
"1273",112980483,"G","G","MGM",0.5,"red"
"1274",112991196,"C","C","MGM",0.5,"red"
"1275",112993367,"A","A","MGM",0.5,"red"
"1276",112995074,"C","C","MGM",0.5,"red"
"1277",113081835,"G","G","MGM",0.5,"red"
"1278",113271057,"C","C","MGM",0.5,"red"
"1279",113315080,"G","G","MGM",0.5,"red"
"1280",113315875,"G","G","MGM",0.5,"red"
"1281",113318460,"G","G","MGM",0.5,"red"
"1282",113538729,"T","T","MGM",0.5,"red"
"1283",113947975,"C","C","MGM",0.5,"red"
"1284",114092357,"T","T","MGM",0.5,"red"
"1285",114131674,"C","C","MGM",0.5,"red"
"1286",114133924,"G","G","MGM",0.5,"red"
"1287",114134268,"A","A","MGM",0.5,"red"
"1288",114143091,"G","G","MGM",0.5,"red"
"1289",114144733,"G","G","MGM",0.5,"red"
"1290",114155161,"T","T","MGM",0.5,"red"
"1291",114162723,"A","A","MGM",0.5,"red"
"1292",114165038,"T","T","MGM",0.5,"red"
"1293",114165901,"C","C","MGM",0.5,"red"
"1294",114170272,"A","A","MGM",0.5,"red"
"1295",114190152,"T","T","MGM",0.5,"red"
"1296",114194597,"C","C","MGM",0.5,"red"
"1297",114199151,"T","T","MGM",0.5,"red"
"1298",114208597,"T","T","MGM",0.5,"red"
"1299",114224422,"T","T","MGM",0.5,"red"
"1300",114226247,"A","A","MGM",0.5,"red"
"1301",114233596,"A","A","MGM",0.5,"red"
"1302",114237183,"C","C","MGM",0.5,"red"
"1303",114440159,"G","G","MGM",0.5,"red"
"1304",114443668,"C","C","MGM",0.5,"red"
"1305",114483413,"G","G","MGM",0.5,"red"
"1306",114497903,"T","T","MGM",0.5,"red"
"1307",114511356,"T","T","MGM",0.5,"red"
"1308",114524645,"T","T","MGM",0.5,"red"
"1309",114530679,"G","G","MGM",0.5,"red"
"1310",114548471,"T","T","MGM",0.5,"red"
"1311",114555295,"C","C","MGM",0.5,"red"
"1312",114566709,"C","C","MGM",0.5,"red"
"1313",114593970,"A","A","MGM",0.5,"red"
"1314",114627784,"G","G","MGM",0.5,"red"
"1315",114642251,"T","T","MGM",0.5,"red"
"1316",114713823,"T","T","MGM",0.5,"red"
"1317",114714244,"T","T","MGM",0.5,"red"
"1318",114783061,"T","T","MGM",0.5,"red"
"1319",114821299,"A","A","MGM",0.5,"red"
"1320",114957135,"T","T","MGM",0.5,"red"
"1321",115114203,"A","A","MGM",0.5,"red"
"1322",115116868,"G","G","MGM",0.5,"red"
"1323",115124821,"G","G","MGM",0.5,"red"
"1324",115135009,"C","C","MGM",0.5,"red"
"1325",115223004,"G","G","MGM",0.5,"red"
"1326",115232912,"C","C","MGM",0.5,"red"
"1327",115236973,"A","A","MGM",0.5,"red"
"1328",115237226,"G","G","MGM",0.5,"red"
"1329",115253247,"G","G","MGM",0.5,"red"
"1330",115274329,"A","A","MGM",0.5,"red"
"1331",115278983,"A","A","MGM",0.5,"red"
"1332",115335684,"A","A","MGM",0.5,"red"
"1333",115346418,"G","G","MGM",0.5,"red"
"1334",115347676,"G","G","MGM",0.5,"red"
"1335",115533897,"A","A","MGM",0.5,"red"
"1336",115548018,"G","G","MGM",0.5,"red"
"1337",115596317,"C","C","MGM",0.5,"red"
"1338",115649466,"T","T","MGM",0.5,"red"
"1339",115649660,"C","C","MGM",0.5,"red"
"1340",115654421,"G","G","MGM",0.5,"red"
"1341",115675328,"C","C","MGM",0.5,"red"
"1342",116024083,"A","A","MGM",0.5,"red"
"1343",116068599,"T","T","MGM",0.5,"red"
"1344",116070163,"C","C","MGM",0.5,"red"
"1345",116110635,"G","G","MGM",0.5,"red"
"1346",116128090,"A","A","MGM",0.5,"red"
"1347",116131208,"G","G","MGM",0.5,"red"
"1348",116131936,"G","G","MGM",0.5,"red"
"1349",116167240,"A","A","MGM",0.5,"red"
"1350",116223690,"A","A","MGM",0.5,"red"
"1351",116279888,"T","T","MGM",0.5,"red"
"1352",116322918,"C","C","MGM",0.5,"red"
"1353",116325786,"A","A","MGM",0.5,"red"
"1354",116339366,"G","G","MGM",0.5,"red"
"1355",116342669,"C","C","MGM",0.5,"red"
"1356",116347790,"T","T","MGM",0.5,"red"
"1357",116729273,"T","T","MGM",0.5,"red"
"1358",116735107,"T","T","MGM",0.5,"red"
"1359",116852469,"C","T","MGF",1.5,"blue"
"1360",116854801,"T","C","MGF",1.5,"blue"
"1361",116881714,"C","T","MGF",1.5,"blue"
"1362",116885358,"A","G","MGF",1.5,"blue"
"1363",116896629,"C","A","MGF",1.5,"blue"
"1364",116901354,"A","G","MGF",1.5,"blue"
"1365",116932741,"C","T","MGF",1.5,"blue"
"1366",116964168,"A","G","MGF",1.5,"blue"
"1367",116968649,"C","T","MGF",1.5,"blue"
"1368",116974370,"C","T","MGF",1.5,"blue"
"1369",117237749,"T","C","MGF",1.5,"blue"
"1370",117319322,"G","A","MGF",1.5,"blue"
"1371",118023515,"A","G","MGF",1.5,"blue"
"1372",118048275,"G","A","MGF",1.5,"blue"
"1373",118202086,"A","G","MGF",1.5,"blue"
"1374",118409396,"G","A","MGF",1.5,"blue"
"1375",118418948,"A","G","MGF",1.5,"blue"
"1376",118422245,"C","T","MGF",1.5,"blue"
"1377",118423392,"C","A","MGF",1.5,"blue"
"1378",118913337,"G","A","MGF",1.5,"blue"
"1379",118948256,"A","C","MGF",1.5,"blue"
"1380",119214549,"C","T","MGF",1.5,"blue"
"1381",120425331,"C","T","MGF",1.5,"blue"
"1382",120465622,"A","G","MGF",1.5,"blue"
"1383",120525029,"T","C","MGF",1.5,"blue"
"1384",120542461,"G","A","MGF",1.5,"blue"
"1385",122693800,"A","G","MGF",1.5,"blue"
"1386",122759622,"A","G","MGF",1.5,"blue"
"1387",123380781,"T","C","MGF",1.5,"blue"
"1388",123402420,"T","A","MGF",1.5,"blue"
"1389",123404711,"C","T","MGF",1.5,"blue"
"1390",123411589,"A","G","MGF",1.5,"blue"
"1391",123415781,"T","C","MGF",1.5,"blue"
"1392",123503424,"A","G","MGF",1.5,"blue"
"1393",123524036,"G","A","MGF",1.5,"blue"
"1394",123595432,"A","G","MGF",1.5,"blue"
"1395",123606952,"G","A","MGF",1.5,"blue"
"1396",123624252,"A","G","MGF",1.5,"blue"
"1397",123633612,"A","G","MGF",1.5,"blue"
"1398",123634046,"A","G","MGF",1.5,"blue"
"1399",123672787,"C","T","MGF",1.5,"blue"
"1400",123683440,"A","G","MGF",1.5,"blue"
"1401",123696930,"G","A","MGF",1.5,"blue"
"1402",123712966,"A","G","MGF",1.5,"blue"
"1403",123719219,"G","A","MGF",1.5,"blue"
"1404",123738355,"T","C","MGF",1.5,"blue"
"1405",123744470,"C","T","MGF",1.5,"blue"
"1406",124210544,"G","A","MGF",1.5,"blue"
"1407",124218600,"G","A","MGF",1.5,"blue"
"1408",124219712,"C","T","MGF",1.5,"blue"
"1409",124220702,"T","G","MGF",1.5,"blue"
"1410",124229502,"T","C","MGF",1.5,"blue"
"1411",124237591,"C","T","MGF",1.5,"blue"
"1412",124247149,"G","A","MGF",1.5,"blue"
"1413",124258080,"G","A","MGF",1.5,"blue"
"1414",124862868,"C","A","MGF",1.5,"blue"
"1415",124868722,"C","T","MGF",1.5,"blue"
"1416",125881122,"T","C","MGF",1.5,"blue"
"1417",126028764,"G","A","MGF",1.5,"blue"
"1418",126039033,"G","A","MGF",1.5,"blue"
"1419",126040284,"C","T","MGF",1.5,"blue"
"1420",126040602,"G","A","MGF",1.5,"blue"
"1421",126041824,"T","C","MGF",1.5,"blue"
"1422",126057797,"G","T","MGF",1.5,"blue"
"1423",126078890,"C","T","MGF",1.5,"blue"
"1424",126081093,"T","C","MGF",1.5,"blue"
"1425",126083378,"T","C","MGF",1.5,"blue"
"1426",126088338,"C","A","MGF",1.5,"blue"
"1427",126089186,"A","G","MGF",1.5,"blue"
"1428",126092785,"C","T","MGF",1.5,"blue"
"1429",126105301,"G","T","MGF",1.5,"blue"
"1430",126112299,"T","C","MGF",1.5,"blue"
"1431",126220539,"A","G","MGF",1.5,"blue"
"1432",126699520,"T","C","MGF",1.5,"blue"
"1433",126709202,"T","C","MGF",1.5,"blue"
"1434",126732047,"C","T","MGF",1.5,"blue"
"1435",126737268,"C","A","MGF",1.5,"blue"
"1436",126755134,"T","C","MGF",1.5,"blue"
"1437",126761148,"T","C","MGF",1.5,"blue"
"1438",127417202,"A","G","MGF",1.5,"blue"
"1439",127420854,"C","T","MGF",1.5,"blue"
"1440",127427592,"C","A","MGF",1.5,"blue"
"1441",127438887,"T","C","MGF",1.5,"blue"
"1442",127448986,"G","A","MGF",1.5,"blue"
"1443",127465159,"G","A","MGF",1.5,"blue"
"1444",130555052,"G","T","MGF",1.5,"blue"
"1445",131370617,"A","T","MGF",1.5,"blue"
"1446",131414469,"A","G","MGF",1.5,"blue"
"1447",131464049,"T","C","MGF",1.5,"blue"
"1448",131481625,"G","A","MGF",1.5,"blue"
"1449",131495940,"A","G","MGF",1.5,"blue"
"1450",131503343,"C","T","MGF",1.5,"blue"
"1451",131522552,"T","C","MGF",1.5,"blue"
"1452",131530483,"C","T","MGF",1.5,"blue"
"1453",131533805,"T","C","MGF",1.5,"blue"
"1454",131537007,"G","T","MGF",1.5,"blue"
"1455",131561519,"T","G","MGF",1.5,"blue"
"1456",131602528,"C","T","MGF",1.5,"blue"
"1457",131646464,"G","T","MGF",1.5,"blue"
"1458",131646789,"T","C","MGF",1.5,"blue"
"1459",131679857,"C","G","MGF",1.5,"blue"
"1460",131682092,"G","A","MGF",1.5,"blue"
"1461",131689056,"C","T","MGF",1.5,"blue"
"1462",131718729,"C","T","MGF",1.5,"blue"
"1463",131727438,"T","C","MGF",1.5,"blue"
"1464",131736873,"A","T","MGF",1.5,"blue"
"1465",132103139,"T","C","MGF",1.5,"blue"
"1466",133179580,"C","T","MGF",1.5,"blue"
"1467",133186741,"T","G","MGF",1.5,"blue"
"1468",133189192,"C","T","MGF",1.5,"blue"
"1469",133191093,"G","A","MGF",1.5,"blue"
"1470",133293618,"A","G","MGF",1.5,"blue"
"1471",133341988,"T","C","MGF",1.5,"blue"
"1472",133366227,"A","G","MGF",1.5,"blue"
"1473",133576458,"T","C","MGF",1.5,"blue"
"1474",133581770,"T","C","MGF",1.5,"blue"
"1475",133735861,"C","A","MGF",1.5,"blue"
"1476",133759848,"G","A","MGF",1.5,"blue"
"1477",133995452,"A","C","MGF",1.5,"blue"
"1478",133997360,"T","G","MGF",1.5,"blue"
"1479",134013144,"A","C","MGF",1.5,"blue"
"1480",135288025,"T","C","MGF",1.5,"blue"
"1481",135925191,"T","A","MGF",1.5,"blue"
"1482",135926622,"G","T","MGF",1.5,"blue"
"1483",135977040,"G","A","MGF",1.5,"blue"
"1484",136002809,"C","T","MGF",1.5,"blue"
"1485",136006576,"T","C","MGF",1.5,"blue"
"1486",136047977,"A","G","MGF",1.5,"blue"
"1487",136064547,"G","A","MGF",1.5,"blue"
"1488",136100040,"G","A","MGF",1.5,"blue"
"1489",136208788,"C","T","MGF",1.5,"blue"
"1490",137483362,"T","G","MGF",1.5,"blue"
"1491",139377406,"T","C","MGF",1.5,"blue"
"1492",139505788,"G","A","MGF",1.5,"blue"
"1493",139511746,"G","A","MGF",1.5,"blue"
"1494",139516804,"G","T","MGF",1.5,"blue"
"1495",139550666,"C","A","MGF",1.5,"blue"
"1496",140036034,"G","A","MGF",1.5,"blue"
"1497",140102984,"A","G","MGF",1.5,"blue"
"1498",140103136,"C","T","MGF",1.5,"blue"
"1499",141341000,"G","A","MGF",1.5,"blue"
"1500",141346188,"T","C","MGF",1.5,"blue"
"1501",141349381,"C","T","MGF",1.5,"blue"
"1502",141361654,"T","C","MGF",1.5,"blue"
"1503",141365883,"G","A","MGF",1.5,"blue"
"1504",141376140,"A","C","MGF",1.5,"blue"
"1505",141580483,"T","C","MGF",1.5,"blue"
"1506",141795573,"T","C","MGF",1.5,"blue"
"1507",142678112,"A","G","MGF",1.5,"blue"
"1508",142695801,"G","A","MGF",1.5,"blue"
"1509",142702656,"T","C","MGF",1.5,"blue"
"1510",142703764,"T","C","MGF",1.5,"blue"
"1511",142710064,"G","A","MGF",1.5,"blue"
"1512",142907815,"T","C","MGF",1.5,"blue"
"1513",142921964,"T","G","MGF",1.5,"blue"
"1514",142951172,"A","C","MGF",1.5,"blue"
"1515",142954177,"T","C","MGF",1.5,"blue"
"1516",143163169,"A","G","MGF",1.5,"blue"
"1517",143200129,"T","C","MGF",1.5,"blue"
"1518",143210189,"C","T","MGF",1.5,"blue"
"1519",144130645,"T","G","MGF",1.5,"blue"
"1520",144230196,"G","A","MGF",1.5,"blue"
"1521",144241161,"C","A","MGF",1.5,"blue"
"1522",144252161,"G","A","MGF",1.5,"blue"
"1523",144341780,"A","C","MGF",1.5,"blue"
"1524",144381886,"G","T","MGF",1.5,"blue"
"1525",144643319,"C","T","MGF",1.5,"blue"
"1526",145024569,"A","G","MGF",1.5,"blue"
"1527",145066106,"T","G","MGF",1.5,"blue"
"1528",145066128,"T","C","MGF",1.5,"blue"
"1529",145232366,"T","G","MGF",1.5,"blue"
"1530",145238164,"C","T","MGF",1.5,"blue"
"1531",145250034,"T","C","MGF",1.5,"blue"
"1532",145256049,"G","A","MGF",1.5,"blue"
"1533",145291677,"T","C","MGF",1.5,"blue"
"1534",145313719,"C","T","MGF",1.5,"blue"
"1535",145344528,"G","A","MGF",1.5,"blue"
"1536",145767684,"T","C","MGF",1.5,"blue"
"1537",145776673,"G","T","MGF",1.5,"blue"
"1538",145790064,"T","C","MGF",1.5,"blue"
"1539",145790803,"G","T","MGF",1.5,"blue"
"1540",145842992,"G","T","MGF",1.5,"blue"
"1541",145886725,"G","A","MGF",1.5,"blue"
"1542",145892711,"G","A","MGF",1.5,"blue"
"1543",145917761,"C","T","MGF",1.5,"blue"
"1544",145921145,"T","C","MGF",1.5,"blue"
"1545",145938619,"C","T","MGF",1.5,"blue"
"1546",145940962,"A","G","MGF",1.5,"blue"
"1547",145985604,"T","C","MGF",1.5,"blue"
"1548",146014404,"A","G","MGF",1.5,"blue"
"1549",146319946,"G","A","MGF",1.5,"blue"
"1550",146713828,"C","T","MGF",1.5,"blue"
"1551",146810327,"A","G","MGF",1.5,"blue"
"1552",146997009,"C","T","MGF",1.5,"blue"
"1553",147000266,"T","C","MGF",1.5,"blue"
"1554",147018755,"T","C","MGF",1.5,"blue"
"1555",147058367,"G","T","MGF",1.5,"blue"
"1556",147082427,"A","G","MGF",1.5,"blue"
"1557",147086268,"T","C","MGF",1.5,"blue"
"1558",147090343,"T","C","MGF",1.5,"blue"
"1559",148344553,"C","A","MGF",1.5,"blue"
"1560",148540154,"G","A","MGF",1.5,"blue"
"1561",148546001,"A","G","MGF",1.5,"blue"
"1562",148547435,"C","T","MGF",1.5,"blue"
"1563",148571141,"G","A","MGF",1.5,"blue"
"1564",148578728,"C","A","MGF",1.5,"blue"
"1565",148710801,"A","G","MGF",1.5,"blue"
"1566",148755571,"T","G","MGF",1.5,"blue"
"1567",148872987,"G","A","MGF",1.5,"blue"
"1568",148903923,"A","G","MGF",1.5,"blue"
"1569",148921003,"C","A","MGF",1.5,"blue"
"1570",149022765,"C","T","MGF",1.5,"blue"
"1571",149033694,"A","G","MGF",1.5,"blue"
"1572",149034081,"G","A","MGF",1.5,"blue"
"1573",149233438,"C","T","MGF",1.5,"blue"
"1574",149242957,"G","A","MGF",1.5,"blue"
"1575",149303500,"A","G","MGF",1.5,"blue"
"1576",149362405,"G","A","MGF",1.5,"blue"
"1577",149944462,"G","A","MGF",1.5,"blue"
"1578",149954300,"C","T","MGF",1.5,"blue"
"1579",149965315,"A","C","MGF",1.5,"blue"
"1580",149968000,"G","A","MGF",1.5,"blue"
"1581",149980548,"T","G","MGF",1.5,"blue"
"1582",149994882,"A","C","MGF",1.5,"blue"
"1583",150600047,"C","T","MGF",1.5,"blue"
"1584",151128895,"T","G","MGF",1.5,"blue"
"1585",152679420,"G","A","MGF",1.5,"blue"
"1586",152715720,"T","C","MGF",1.5,"blue"
"1587",152739413,"T","G","MGF",1.5,"blue"
"1588",154806647,"G","A","MGF",1.5,"blue"
"1589",155048352,"G","T","MGF",1.5,"blue"
"1590",155525798,"G","A","MGF",1.5,"blue"
"1591",155551990,"A","G","MGF",1.5,"blue"
"1592",155588148,"C","T","MGF",1.5,"blue"
"1593",155700066,"C","T","MGF",1.5,"blue"
"1594",155725030,"G","A","MGF",1.5,"blue"
"1595",155725922,"T","C","MGF",1.5,"blue"
"1596",155726800,"G","A","MGF",1.5,"blue"
"1597",155730790,"G","A","MGF",1.5,"blue"
"1598",156167184,"C","T","MGF",1.5,"blue"
"1599",156821808,"T","C","MGF",1.5,"blue"
"1600",156827444,"T","C","MGF",1.5,"blue"
"1601",158626899,"C","T","MGF",1.5,"blue"
"1602",158636057,"G","A","MGF",1.5,"blue"
"1603",158661559,"C","T","MGF",1.5,"blue"
"1604",158681384,"C","T","MGF",1.5,"blue"
"1605",158682891,"A","G","MGF",1.5,"blue"
"1606",160429869,"G","A","MGF",1.5,"blue"
"1607",160536144,"T","C","MGF",1.5,"blue"
"1608",160580103,"A","G","MGF",1.5,"blue"
"1609",160664954,"G","A","MGF",1.5,"blue"
"1610",160681614,"A","G","MGF",1.5,"blue"
"1611",161003124,"G","A","MGF",1.5,"blue"
"1612",161008125,"A","G","MGF",1.5,"blue"
"1613",161014276,"T","C","MGF",1.5,"blue"
"1614",161082659,"T","C","MGF",1.5,"blue"
"1615",161195729,"A","G","MGF",1.5,"blue"
"1616",161922679,"T","G","MGF",1.5,"blue"
"1617",161937965,"A","G","MGF",1.5,"blue"
"1618",161980275,"T","C","MGF",1.5,"blue"
"1619",162004273,"C","A","MGF",1.5,"blue"
"1620",162049171,"C","A","MGF",1.5,"blue"
"1621",162055990,"T","C","MGF",1.5,"blue"
"1622",162083007,"G","T","MGF",1.5,"blue"
"1623",162239185,"C","A","MGF",1.5,"blue"
"1624",162252883,"T","C","MGF",1.5,"blue"
"1625",162266475,"A","G","MGF",1.5,"blue"
"1626",162276129,"T","C","MGF",1.5,"blue"
"1627",162389205,"C","T","MGF",1.5,"blue"
"1628",162396246,"C","T","MGF",1.5,"blue"
"1629",162809107,"G","T","MGF",1.5,"blue"
"1630",162836008,"A","G","MGF",1.5,"blue"
"1631",162857478,"A","G","MGF",1.5,"blue"
"1632",163075070,"G","A","MGF",1.5,"blue"
"1633",164415896,"T","C","MGF",1.5,"blue"
"1634",164430644,"G","A","MGF",1.5,"blue"
"1635",164435533,"T","C","MGF",1.5,"blue"
"1636",164449337,"G","T","MGF",1.5,"blue"
"1637",164468993,"T","C","MGF",1.5,"blue"
"1638",164474373,"A","G","MGF",1.5,"blue"
"1639",164600590,"T","C","MGF",1.5,"blue"
"1640",164758187,"T","C","MGF",1.5,"blue"
"1641",164783165,"T","C","MGF",1.5,"blue"
"1642",164807679,"G","A","MGF",1.5,"blue"
"1643",164813651,"C","T","MGF",1.5,"blue"
"1644",164871580,"G","A","MGF",1.5,"blue"
"1645",164876267,"T","C","MGF",1.5,"blue"
"1646",164891218,"A","G","MGF",1.5,"blue"
"1647",164910195,"G","A","MGF",1.5,"blue"
"1648",165010692,"G","A","MGF",1.5,"blue"
"1649",165020212,"A","G","MGF",1.5,"blue"
"1650",165110392,"G","A","MGF",1.5,"blue"
"1651",165136797,"T","C","MGF",1.5,"blue"
"1652",166003323,"A","G","MGF",1.5,"blue"
"1653",166012938,"T","C","MGF",1.5,"blue"
"1654",166014469,"G","C","MGF",1.5,"blue"
"1655",166022534,"T","C","MGF",1.5,"blue"
"1656",166281774,"T","G","MGF",1.5,"blue"
"1657",166304564,"A","G","MGF",1.5,"blue"
"1658",166341617,"G","A","MGF",1.5,"blue"
"1659",166403296,"T","C","MGF",1.5,"blue"
"1660",166576022,"G","A","MGF",1.5,"blue"
"1661",166641120,"T","C","MGF",1.5,"blue"
"1662",167635958,"A","G","MGF",1.5,"blue"
"1663",167646960,"A","G","MGF",1.5,"blue"
"1664",167655500,"A","G","MGF",1.5,"blue"
"1665",167666657,"A","G","MGF",1.5,"blue"
"1666",167669335,"C","T","MGF",1.5,"blue"
"1667",167680850,"G","A","MGF",1.5,"blue"
"1668",167696683,"G","A","MGF",1.5,"blue"
"1669",167696838,"A","G","MGF",1.5,"blue"
"1670",167699702,"C","A","MGF",1.5,"blue"
"1671",167766491,"C","A","MGF",1.5,"blue"
"1672",168595470,"G","A","MGF",1.5,"blue"
"1673",168645035,"G","T","MGF",1.5,"blue"
"1674",168655042,"C","A","MGF",1.5,"blue"
"1675",169529958,"A","G","MGF",1.5,"blue"
"1676",169568492,"A","G","MGF",1.5,"blue"
"1677",169570241,"A","C","MGF",1.5,"blue"
"1678",169579971,"G","A","MGF",1.5,"blue"
"1679",169582223,"A","G","MGF",1.5,"blue"
"1680",169595485,"T","C","MGF",1.5,"blue"
"1681",169601046,"A","G","MGF",1.5,"blue"
"1682",169606936,"T","G","MGF",1.5,"blue"
"1683",170319955,"G","T","MGF",1.5,"blue"
"1684",170323055,"G","A","MGF",1.5,"blue"
"1685",170341683,"A","G","MGF",1.5,"blue"
"1686",171009719,"A","G","MGF",1.5,"blue"
"1687",171558472,"A","C","MGF",1.5,"blue"
"1688",171580943,"G","A","MGF",1.5,"blue"
"1689",171593340,"C","T","MGF",1.5,"blue"
"1690",171616571,"T","C","MGF",1.5,"blue"
"1691",171645174,"G","A","MGF",1.5,"blue"
"1692",171662804,"A","G","MGF",1.5,"blue"
"1693",171713854,"G","A","MGF",1.5,"blue"
"1694",172185376,"G","A","MGF",1.5,"blue"
"1695",172202876,"G","A","MGF",1.5,"blue"
"1696",172295512,"A","T","MGF",1.5,"blue"
"1697",172318199,"C","T","MGF",1.5,"blue"
"1698",172349216,"T","C","MGF",1.5,"blue"
"1699",172398779,"T","C","MGF",1.5,"blue"
"1700",173160531,"C","A","MGF",1.5,"blue"
"1701",173161912,"A","G","MGF",1.5,"blue"
"1702",173176376,"C","T","MGF",1.5,"blue"
"1703",173339777,"A","G","MGF",1.5,"blue"
"1704",174315061,"G","A","MGF",1.5,"blue"
"1705",174316915,"G","A","MGF",1.5,"blue"
"1706",174351626,"G","A","MGF",1.5,"blue"
"1707",174360371,"T","C","MGF",1.5,"blue"
"1708",174364200,"G","A","MGF",1.5,"blue"
"1709",174406970,"A","T","MGF",1.5,"blue"
"1710",174413915,"A","C","MGF",1.5,"blue"
"1711",174415345,"A","G","MGF",1.5,"blue"
"1712",174419856,"A","G","MGF",1.5,"blue"
"1713",174420162,"C","A","MGF",1.5,"blue"
"1714",174444171,"A","G","MGF",1.5,"blue"
"1715",174461025,"C","T","MGF",1.5,"blue"
"1716",175565371,"G","A","MGF",1.5,"blue"
"1717",175658506,"C","T","MGF",1.5,"blue"
"1718",176034991,"C","T","MGF",1.5,"blue"
"1719",176051150,"A","G","MGF",1.5,"blue"
"1720",176097014,"A","G","MGF",1.5,"blue"
"1721",176149354,"T","C","MGF",1.5,"blue"
"1722",176172315,"T","C","MGF",1.5,"blue"
"1723",176181980,"T","C","MGF",1.5,"blue"
"1724",176206226,"G","T","MGF",1.5,"blue"
"1725",176207737,"C","T","MGF",1.5,"blue"
"1726",176695772,"T","G","MGF",1.5,"blue"
"1727",176703372,"T","C","MGF",1.5,"blue"
"1728",176807314,"A","G","MGF",1.5,"blue"
"1729",176827927,"C","T","MGF",1.5,"blue"
"1730",176852038,"A","T","MGF",1.5,"blue"
"1731",176929742,"T","C","MGF",1.5,"blue"
"1732",177057139,"G","A","MGF",1.5,"blue"
"1733",177063272,"A","G","MGF",1.5,"blue"
"1734",177066783,"C","T","MGF",1.5,"blue"
"1735",177067087,"T","G","MGF",1.5,"blue"
"1736",177095072,"T","C","MGF",1.5,"blue"
"1737",177113056,"T","C","MGF",1.5,"blue"
"1738",177184226,"G","A","MGF",1.5,"blue"
"1739",177262427,"T","G","MGF",1.5,"blue"
"1740",177390314,"C","T","MGF",1.5,"blue"
"1741",177402994,"A","G","MGF",1.5,"blue"
"1742",177412574,"T","C","MGF",1.5,"blue"
"1743",178176128,"G","A","MGF",1.5,"blue"
"1744",178183705,"A","C","MGF",1.5,"blue"
"1745",178200399,"T","G","MGF",1.5,"blue"
"1746",178212853,"C","T","MGF",1.5,"blue"
"1747",178217907,"G","A","MGF",1.5,"blue"
"1748",178219304,"A","C","MGF",1.5,"blue"
"1749",178223239,"A","G","MGF",1.5,"blue"
"1750",178337631,"G","A","MGF",1.5,"blue"
"1751",178446068,"C","T","MGF",1.5,"blue"
"1752",178461771,"C","T","MGF",1.5,"blue"
"1753",178552671,"G","A","MGF",1.5,"blue"
"1754",178569090,"A","G","MGF",1.5,"blue"
"1755",178569163,"T","G","MGF",1.5,"blue"
"1756",178574176,"T","C","MGF",1.5,"blue"
"1757",178585678,"T","C","MGF",1.5,"blue"
"1758",178588348,"A","G","MGF",1.5,"blue"
"1759",178639454,"C","T","MGF",1.5,"blue"
"1760",178800879,"T","G","MGF",1.5,"blue"
"1761",179180153,"G","T","MGF",1.5,"blue"
"1762",179272577,"A","G","MGF",1.5,"blue"
"1763",179289429,"A","C","MGF",1.5,"blue"
"1764",179331178,"A","G","MGF",1.5,"blue"
"1765",179350391,"G","A","MGF",1.5,"blue"
"1766",179351365,"C","T","MGF",1.5,"blue"
"1767",179524975,"G","A","MGF",1.5,"blue"
"1768",179588461,"C","T","MGF",1.5,"blue"
"1769",181340141,"G","A","MGF",1.5,"blue"
"1770",181346790,"A","G","MGF",1.5,"blue"
"1771",182314029,"T","C","MGF",1.5,"blue"
"1772",182949977,"C","T","MGF",1.5,"blue"
"1773",182957573,"T","C","MGF",1.5,"blue"
"1774",183024333,"A","G","MGF",1.5,"blue"
"1775",183211906,"A","G","MGF",1.5,"blue"
"1776",183226378,"C","A","MGF",1.5,"blue"
"1777",183234142,"G","A","MGF",1.5,"blue"
"1778",183234383,"G","T","MGF",1.5,"blue"
"1779",183236106,"G","T","MGF",1.5,"blue"
"1780",183248484,"C","T","MGF",1.5,"blue"
"1781",183443634,"C","T","MGF",1.5,"blue"
"1782",183535763,"A","G","MGF",1.5,"blue"
"1783",183537759,"A","C","MGF",1.5,"blue"
"1784",183540387,"T","C","MGF",1.5,"blue"
"1785",183546965,"C","T","MGF",1.5,"blue"
"1786",183555074,"T","G","MGF",1.5,"blue"
"1787",183566942,"A","G","MGF",1.5,"blue"
"1788",183586005,"C","T","MGF",1.5,"blue"
"1789",184185085,"G","A","MGF",1.5,"blue"
"1790",184198443,"T","G","MGF",1.5,"blue"
"1791",184198475,"A","G","MGF",1.5,"blue"
"1792",184211984,"G","T","MGF",1.5,"blue"
"1793",184213807,"G","A","MGF",1.5,"blue"
"1794",184214897,"A","G","MGF",1.5,"blue"
"1795",184216307,"G","T","MGF",1.5,"blue"
"1796",184217010,"C","T","MGF",1.5,"blue"
"1797",184217526,"T","C","MGF",1.5,"blue"
"1798",184217677,"T","C","MGF",1.5,"blue"
"1799",184320524,"A","G","MGF",1.5,"blue"
"1800",184468746,"T","C","MGF",1.5,"blue"
"1801",184469113,"A","G","MGF",1.5,"blue"
"1802",184762324,"T","C","MGF",1.5,"blue"
"1803",184785259,"A","C","MGF",1.5,"blue"
"1804",184794398,"T","C","MGF",1.5,"blue"
"1805",184812416,"T","C","MGF",1.5,"blue"
"1806",184814444,"A","G","MGF",1.5,"blue"
"1807",184853053,"T","C","MGF",1.5,"blue"
"1808",184986743,"C","T","MGF",1.5,"blue"
"1809",185087708,"A","G","MGF",1.5,"blue"
"1810",185110235,"A","G","MGF",1.5,"blue"
"1811",185175570,"A","G","MGF",1.5,"blue"
"1812",185180812,"C","T","MGF",1.5,"blue"
"1813",185926701,"C","T","MGF",1.5,"blue"
"1814",185941984,"A","G","MGF",1.5,"blue"
"1815",185951648,"T","C","MGF",1.5,"blue"
"1816",186010617,"C","G","MGF",1.5,"blue"
"1817",186092574,"T","C","MGF",1.5,"blue"
"1818",186092769,"A","C","MGF",1.5,"blue"
"1819",186096590,"G","A","MGF",1.5,"blue"
"1820",186102233,"A","G","MGF",1.5,"blue"
"1821",186128816,"A","G","MGF",1.5,"blue"
"1822",186170632,"G","A","MGF",1.5,"blue"
"1823",186635984,"C","T","MGF",1.5,"blue"
"1824",186656019,"G","A","MGF",1.5,"blue"
"1825",186889062,"C","G","MGF",1.5,"blue"
"1826",186928756,"A","G","MGF",1.5,"blue"
"1827",186942055,"A","C","MGF",1.5,"blue"
"1828",187054272,"T","C","MGF",1.5,"blue"
"1829",187101435,"A","G","MGF",1.5,"blue"
"1830",187154182,"A","G","MGF",1.5,"blue"
"1831",187174310,"A","G","MGF",1.5,"blue"
"1832",187196213,"C","A","MGF",1.5,"blue"
"1833",187202227,"A","G","MGF",1.5,"blue"
"1834",187763653,"T","C","MGF",1.5,"blue"
"1835",187935380,"C","A","MGF",1.5,"blue"
"1836",188192386,"T","G","MGF",1.5,"blue"
"1837",188196944,"T","G","MGF",1.5,"blue"
"1838",188500658,"G","A","MGF",1.5,"blue"
"1839",188621549,"A","G","MGF",1.5,"blue"
"1840",188621868,"T","C","MGF",1.5,"blue"
"1841",189221832,"T","C","MGF",1.5,"blue"
"1842",189229935,"A","G","MGF",1.5,"blue"
"1843",189240547,"A","C","MGF",1.5,"blue"
"1844",189432432,"C","T","MGF",1.5,"blue"
"1845",189689230,"T","A","MGF",1.5,"blue"
"1846",190357041,"C","T","MGF",1.5,"blue"
"1847",190359456,"G","A","MGF",1.5,"blue"
"1848",190359804,"A","G","MGF",1.5,"blue"
"1849",190361497,"G","T","MGF",1.5,"blue"
"1850",190363116,"A","G","MGF",1.5,"blue"
"1851",190382215,"C","T","MGF",1.5,"blue"
"1852",190407339,"T","C","MGF",1.5,"blue"
"1853",190578934,"C","G","MGF",1.5,"blue"
"1854",190593084,"A","G","MGF",1.5,"blue"
"1855",190632775,"A","C","MGF",1.5,"blue"
"1856",190671328,"A","G","MGF",1.5,"blue"
"1857",191314079,"C","T","MGF",1.5,"blue"
"1858",191318170,"A","G","MGF",1.5,"blue"
"1859",191442557,"A","G","MGF",1.5,"blue"
"1860",191457688,"T","C","MGF",1.5,"blue"
"1861",191469504,"T","C","MGF",1.5,"blue"
"1862",191510055,"G","A","MGF",1.5,"blue"
"1863",191518684,"A","C","MGF",1.5,"blue"
"1864",191524550,"A","G","MGF",1.5,"blue"
"1865",191855182,"T","C","MGF",1.5,"blue"
"1866",191856805,"T","C","MGF",1.5,"blue"
"1867",191862675,"A","G","MGF",1.5,"blue"
"1868",191866779,"G","A","MGF",1.5,"blue"
"1869",191873224,"T","C","MGF",1.5,"blue"
"1870",191875733,"C","T","MGF",1.5,"blue"
"1871",192100127,"T","C","MGF",1.5,"blue"
"1872",192320179,"T","C","MGF",1.5,"blue"
"1873",193183817,"G","A","MGF",1.5,"blue"
"1874",193209178,"C","T","MGF",1.5,"blue"
"1875",193220647,"G","T","MGF",1.5,"blue"
"1876",193220928,"T","C","MGF",1.5,"blue"
"1877",193581231,"T","C","MGF",1.5,"blue"
"1878",193591466,"G","A","MGF",1.5,"blue"
"1879",193667833,"G","A","MGF",1.5,"blue"
"1880",193690901,"A","G","MGF",1.5,"blue"
"1881",193759302,"A","G","MGF",1.5,"blue"
"1882",193764632,"G","A","MGF",1.5,"blue"
"1883",193961226,"T","C","MGF",1.5,"blue"
"1884",194263482,"T","C","MGF",1.5,"blue"
"1885",194804838,"C","T","MGF",1.5,"blue"
"1886",194816765,"G","A","MGF",1.5,"blue"
"1887",194817484,"T","C","MGF",1.5,"blue"
"1888",194819566,"G","A","MGF",1.5,"blue"
"1889",194984402,"G","T","MGF",1.5,"blue"
"1890",195193431,"T","G","MGF",1.5,"blue"
"1891",195235695,"G","T","MGF",1.5,"blue"
"1892",195238559,"T","C","MGF",1.5,"blue"
"1893",195258384,"T","C","MGF",1.5,"blue"
"1894",195793979,"T","C","MGF",1.5,"blue"
"1895",195800811,"C","T","MGF",1.5,"blue"
"1896",195809139,"G","A","MGF",1.5,"blue"
"1897",195827205,"T","C","MGF",1.5,"blue"
"1898",195841644,"C","T","MGF",1.5,"blue"
"1899",195848486,"C","G","MGF",1.5,"blue"
"1900",195849902,"T","C","MGF",1.5,"blue"
"1901",195902930,"T","C","MGF",1.5,"blue"
"1902",195968643,"G","A","MGF",1.5,"blue"
"1903",195973244,"G","A","MGF",1.5,"blue"
"1904",196019680,"T","C","MGF",1.5,"blue"
"1905",196058795,"A","C","MGF",1.5,"blue"
"1906",196170061,"G","A","MGF",1.5,"blue"
"1907",196348356,"C","T","MGF",1.5,"blue"
"1908",196407281,"T","C","MGF",1.5,"blue"
"1909",196452093,"A","G","MGF",1.5,"blue"
"1910",196662696,"G","T","MGF",1.5,"blue"
"1911",196684161,"A","G","MGF",1.5,"blue"
"1912",196688027,"G","T","MGF",1.5,"blue"
"1913",196726039,"G","A","MGF",1.5,"blue"
"1914",196726410,"G","A","MGF",1.5,"blue"
"1915",197556053,"T","A","MGF",1.5,"blue"
