"","position","paternal_allele","pgm_allele","source","plot_y","color"
"1",17314977,"G","A","PGM",0.5,"red"
"2",17315503,"A","G","PGM",0.5,"red"
"3",17317233,"C","A","PGM",0.5,"red"
"4",17318150,"C","T","PGM",0.5,"red"
"5",17319156,"C","T","PGM",0.5,"red"
"6",17326668,"G","A","PGM",0.5,"red"
"7",17326914,"A","G","PGM",0.5,"red"
"8",17334052,"C","T","PGM",0.5,"red"
"9",17339003,"A","G","PGM",0.5,"red"
"10",17339404,"A","G","PGM",0.5,"red"
"11",17407566,"C","T","PGM",0.5,"red"
"12",17580813,"C","T","PGM",0.5,"red"
"13",17586471,"T","C","PGM",0.5,"red"
"14",17593685,"A","G","PGM",0.5,"red"
"15",17596178,"C","T","PGM",0.5,"red"
"16",17600148,"G","A","PGM",0.5,"red"
"17",17665413,"C","T","PGM",0.5,"red"
"18",17724049,"C","A","PGM",0.5,"red"
"19",17724093,"G","A","PGM",0.5,"red"
"20",17760350,"G","A","PGM",0.5,"red"
"21",17830578,"C","T","PGM",0.5,"red"
"22",17831441,"T","C","PGM",0.5,"red"
"23",17883220,"C","T","PGM",0.5,"red"
"24",17885697,"T","C","PGM",0.5,"red"
"25",17890558,"A","G","PGM",0.5,"red"
"26",17891554,"G","A","PGM",0.5,"red"
"27",17892618,"G","A","PGM",0.5,"red"
"28",17915430,"T","C","PGM",0.5,"red"
"29",17916547,"G","A","PGM",0.5,"red"
"30",17927480,"C","T","PGM",0.5,"red"
"31",17929926,"T","C","PGM",0.5,"red"
"32",17942014,"G","A","PGM",0.5,"red"
"33",17942684,"A","C","PGM",0.5,"red"
"34",17988394,"G","A","PGM",0.5,"red"
"35",18083591,"T","C","PGM",0.5,"red"
"36",18210618,"G","A","PGM",0.5,"red"
"37",18278128,"T","A","PGM",0.5,"red"
"38",18308819,"G","A","PGM",0.5,"red"
"39",18312343,"C","T","PGM",0.5,"red"
"40",18348439,"T","C","PGM",0.5,"red"
"41",18430658,"G","A","PGM",0.5,"red"
"42",18495470,"G","A","PGM",0.5,"red"
"43",18512496,"A","G","PGM",0.5,"red"
"44",18514305,"T","C","PGM",0.5,"red"
"45",18533335,"A","G","PGM",0.5,"red"
"46",18533434,"T","C","PGM",0.5,"red"
"47",18877787,"T","G","PGM",0.5,"red"
"48",18912678,"G","A","PGM",0.5,"red"
"49",18921917,"G","A","PGM",0.5,"red"
"50",19148751,"G","A","PGM",0.5,"red"
"51",19149580,"A","G","PGM",0.5,"red"
"52",19157642,"A","C","PGM",0.5,"red"
"53",19183787,"A","G","PGM",0.5,"red"
"54",19197949,"G","A","PGM",0.5,"red"
"55",19223352,"T","C","PGM",0.5,"red"
"56",19621011,"T","C","PGM",0.5,"red"
"57",19678836,"C","T","PGM",0.5,"red"
"58",19881027,"T","C","PGM",0.5,"red"
"59",19945177,"G","A","PGM",0.5,"red"
"60",20046687,"A","G","PGM",0.5,"red"
"61",20081852,"C","T","PGM",0.5,"red"
"62",20098359,"G","T","PGM",0.5,"red"
"63",20109677,"G","A","PGM",0.5,"red"
"64",20164589,"G","A","PGM",0.5,"red"
"65",20165632,"C","T","PGM",0.5,"red"
"66",20168295,"G","T","PGM",0.5,"red"
"67",20179255,"T","C","PGM",0.5,"red"
"68",20182456,"T","C","PGM",0.5,"red"
"69",20733495,"T","G","PGM",0.5,"red"
"70",20793914,"T","C","PGM",0.5,"red"
"71",20794079,"T","C","PGM",0.5,"red"
"72",20794726,"T","C","PGM",0.5,"red"
"73",20796175,"T","C","PGM",0.5,"red"
"74",20810054,"T","C","PGM",0.5,"red"
"75",20818104,"A","G","PGM",0.5,"red"
"76",20818267,"G","A","PGM",0.5,"red"
"77",20828638,"A","G","PGM",0.5,"red"
"78",20850577,"C","T","PGM",0.5,"red"
"79",20991062,"T","C","PGM",0.5,"red"
"80",20991129,"A","C","PGM",0.5,"red"
"81",20999190,"A","G","PGM",0.5,"red"
"82",20999208,"T","C","PGM",0.5,"red"
"83",21198776,"A","G","PGM",0.5,"red"
"84",21301336,"A","G","PGM",0.5,"red"
"85",21338543,"C","T","PGM",0.5,"red"
"86",21339751,"T","C","PGM",0.5,"red"
"87",21350880,"T","C","PGM",0.5,"red"
"88",21353925,"G","A","PGM",0.5,"red"
"89",21463730,"G","A","PGM",0.5,"red"
"90",21986827,"T","G","PGM",0.5,"red"
"91",21988599,"G","A","PGM",0.5,"red"
"92",21997070,"G","A","PGM",0.5,"red"
"93",22032991,"T","C","PGM",0.5,"red"
"94",22048862,"C","T","PGM",0.5,"red"
"95",22397055,"G","A","PGM",0.5,"red"
"96",22520548,"T","C","PGM",0.5,"red"
"97",22536846,"G","T","PGM",0.5,"red"
"98",22550884,"T","C","PGM",0.5,"red"
"99",22579822,"C","T","PGM",0.5,"red"
"100",22845240,"C","T","PGM",0.5,"red"
"101",23335538,"A","G","PGM",0.5,"red"
"102",23587894,"C","T","PGM",0.5,"red"
"103",23627369,"G","A","PGM",0.5,"red"
"104",23632665,"A","C","PGM",0.5,"red"
"105",23887749,"C","T","PGM",0.5,"red"
"106",23931845,"T","G","PGM",0.5,"red"
"107",23966720,"C","T","PGM",0.5,"red"
"108",23971028,"C","T","PGM",0.5,"red"
"109",24047657,"G","T","PGM",0.5,"red"
"110",24052031,"T","C","PGM",0.5,"red"
"111",24086107,"A","G","PGM",0.5,"red"
"112",24088324,"G","A","PGM",0.5,"red"
"113",24107801,"T","C","PGM",0.5,"red"
"114",24136542,"G","A","PGM",0.5,"red"
"115",24170996,"T","G","PGM",0.5,"red"
"116",24182500,"G","A","PGM",0.5,"red"
"117",24192081,"G","A","PGM",0.5,"red"
"118",24407483,"T","C","PGM",0.5,"red"
"119",24414829,"G","T","PGM",0.5,"red"
"120",24423790,"G","A","PGM",0.5,"red"
"121",24427878,"A","G","PGM",0.5,"red"
"122",24447303,"G","A","PGM",0.5,"red"
"123",24451035,"A","G","PGM",0.5,"red"
"124",24464377,"A","G","PGM",0.5,"red"
"125",24492061,"C","T","PGM",0.5,"red"
"126",24584970,"G","A","PGM",0.5,"red"
"127",24608924,"T","C","PGM",0.5,"red"
"128",24631777,"T","C","PGM",0.5,"red"
"129",25090768,"A","G","PGM",0.5,"red"
"130",25099392,"G","A","PGM",0.5,"red"
"131",25101089,"G","A","PGM",0.5,"red"
"132",25112325,"G","A","PGM",0.5,"red"
"133",25124711,"T","C","PGM",0.5,"red"
"134",25135682,"G","A","PGM",0.5,"red"
"135",25145453,"T","C","PGM",0.5,"red"
"136",25145471,"G","A","PGM",0.5,"red"
"137",25164960,"G","A","PGM",0.5,"red"
"138",25206079,"C","G","PGM",0.5,"red"
"139",25211229,"G","A","PGM",0.5,"red"
"140",25217740,"T","C","PGM",0.5,"red"
"141",25221330,"T","G","PGM",0.5,"red"
"142",25248749,"G","A","PGM",0.5,"red"
"143",25292977,"G","T","PGM",0.5,"red"
"144",25374503,"A","C","PGM",0.5,"red"
"145",25381045,"G","A","PGM",0.5,"red"
"146",25390704,"C","T","PGM",0.5,"red"
"147",25403114,"A","G","PGM",0.5,"red"
"148",25619339,"T","C","PGM",0.5,"red"
"149",25620142,"A","C","PGM",0.5,"red"
"150",25621123,"C","A","PGM",0.5,"red"
"151",25886661,"G","A","PGM",0.5,"red"
"152",25945176,"C","T","PGM",0.5,"red"
"153",25985070,"G","A","PGM",0.5,"red"
"154",26071558,"G","A","PGM",0.5,"red"
"155",26298891,"T","G","PGM",0.5,"red"
"156",26313745,"G","T","PGM",0.5,"red"
"157",26316491,"G","A","PGM",0.5,"red"
"158",26317160,"G","A","PGM",0.5,"red"
"159",26320015,"T","C","PGM",0.5,"red"
"160",26420414,"A","G","PGM",0.5,"red"
"161",26433170,"C","T","PGM",0.5,"red"
"162",26629678,"G","A","PGM",0.5,"red"
"163",26635548,"G","A","PGM",0.5,"red"
"164",26758375,"T","G","PGM",0.5,"red"
"165",26761183,"G","A","PGM",0.5,"red"
"166",26766607,"G","T","PGM",0.5,"red"
"167",26775654,"A","G","PGM",0.5,"red"
"168",26786522,"T","C","PGM",0.5,"red"
"169",27057439,"G","T","PGM",0.5,"red"
"170",27163999,"T","C","PGM",0.5,"red"
"171",27164962,"C","T","PGM",0.5,"red"
"172",27171638,"G","A","PGM",0.5,"red"
"173",27172005,"G","A","PGM",0.5,"red"
"174",27241464,"G","A","PGM",0.5,"red"
"175",27244685,"G","A","PGM",0.5,"red"
"176",27250195,"G","A","PGM",0.5,"red"
"177",27338819,"C","T","PGM",0.5,"red"
"178",27370782,"C","T","PGM",0.5,"red"
"179",27376590,"T","C","PGM",0.5,"red"
"180",27379830,"T","C","PGM",0.5,"red"
"181",27385773,"A","G","PGM",0.5,"red"
"182",27405625,"A","G","PGM",0.5,"red"
"183",27411710,"C","A","PGM",0.5,"red"
"184",27427304,"A","G","PGM",0.5,"red"
"185",27430432,"T","C","PGM",0.5,"red"
"186",27437550,"G","A","PGM",0.5,"red"
"187",27644305,"G","A","PGM",0.5,"red"
"188",27671082,"G","A","PGM",0.5,"red"
"189",27745625,"C","A","PGM",0.5,"red"
"190",27898321,"G","T","PGM",0.5,"red"
"191",27899867,"T","C","PGM",0.5,"red"
"192",27905428,"T","C","PGM",0.5,"red"
"193",27913387,"G","A","PGM",0.5,"red"
"194",27914054,"A","G","PGM",0.5,"red"
"195",27915778,"C","T","PGM",0.5,"red"
"196",27929853,"C","T","PGM",0.5,"red"
"197",27949306,"G","C","PGM",0.5,"red"
"198",27962517,"A","G","PGM",0.5,"red"
"199",27966655,"T","C","PGM",0.5,"red"
"200",27968208,"T","C","PGM",0.5,"red"
"201",27989946,"T","C","PGM",0.5,"red"
"202",28158414,"C","T","PGM",0.5,"red"
"203",28185452,"G","T","PGM",0.5,"red"
"204",29456733,"C","T","PGM",0.5,"red"
"205",30121648,"G","A","PGM",0.5,"red"
"206",30813424,"C","T","PGM",0.5,"red"
"207",30863392,"A","C","PGM",0.5,"red"
"208",30929905,"A","G","PGM",0.5,"red"
"209",30950360,"T","C","PGM",0.5,"red"
"210",30953295,"C","T","PGM",0.5,"red"
"211",31018975,"T","C","PGM",0.5,"red"
"212",31048803,"G","A","PGM",0.5,"red"
"213",31060193,"T","C","PGM",0.5,"red"
"214",31060982,"G","A","PGM",0.5,"red"
"215",31254036,"C","T","PGM",0.5,"red"
"216",31501788,"T","C","PGM",0.5,"red"
"217",32508457,"G","A","PGM",0.5,"red"
"218",33104377,"G","A","PGM",0.5,"red"
"219",33116435,"C","T","PGM",0.5,"red"
"220",33139230,"T","C","PGM",0.5,"red"
"221",33139492,"T","C","PGM",0.5,"red"
"222",33142908,"A","G","PGM",0.5,"red"
"223",33144086,"C","T","PGM",0.5,"red"
"224",33144874,"T","G","PGM",0.5,"red"
"225",33166332,"A","G","PGM",0.5,"red"
"226",33170377,"C","T","PGM",0.5,"red"
"227",33176834,"A","C","PGM",0.5,"red"
"228",33181349,"T","C","PGM",0.5,"red"
"229",33183789,"T","C","PGM",0.5,"red"
"230",33206863,"G","T","PGM",0.5,"red"
"231",33210005,"C","T","PGM",0.5,"red"
"232",33219887,"T","C","PGM",0.5,"red"
"233",33251408,"C","T","PGM",0.5,"red"
"234",33258050,"C","T","PGM",0.5,"red"
"235",33263431,"C","T","PGM",0.5,"red"
"236",33272699,"T","C","PGM",0.5,"red"
"237",33276686,"A","G","PGM",0.5,"red"
"238",33280097,"T","C","PGM",0.5,"red"
"239",33288875,"T","C","PGM",0.5,"red"
"240",33298130,"G","A","PGM",0.5,"red"
"241",33417607,"C","T","PGM",0.5,"red"
"242",33434836,"A","G","PGM",0.5,"red"
"243",33498970,"T","C","PGM",0.5,"red"
"244",33524046,"A","G","PGM",0.5,"red"
"245",33542464,"A","G","PGM",0.5,"red"
"246",33568560,"G","T","PGM",0.5,"red"
"247",33661764,"G","A","PGM",0.5,"red"
"248",33701527,"G","A","PGM",0.5,"red"
"249",33738531,"C","T","PGM",0.5,"red"
"250",33797362,"C","T","PGM",0.5,"red"
"251",33898427,"G","A","PGM",0.5,"red"
"252",34169292,"C","T","PGM",0.5,"red"
"253",34172801,"C","T","PGM",0.5,"red"
"254",34225482,"C","T","PGM",0.5,"red"
"255",34249434,"G","A","PGM",0.5,"red"
"256",34266265,"A","G","PGM",0.5,"red"
"257",34277434,"G","T","PGM",0.5,"red"
"258",34300734,"T","G","PGM",0.5,"red"
"259",35157577,"C","C","PGF",1.5,"blue"
"260",35160234,"A","A","PGF",1.5,"blue"
"261",35194207,"T","T","PGF",1.5,"blue"
"262",35205840,"A","A","PGF",1.5,"blue"
"263",35457845,"G","G","PGF",1.5,"blue"
"264",35733654,"A","A","PGF",1.5,"blue"
"265",35775550,"G","G","PGF",1.5,"blue"
"266",35797833,"G","G","PGF",1.5,"blue"
"267",35817597,"C","C","PGF",1.5,"blue"
"268",35882813,"C","C","PGF",1.5,"blue"
"269",35917546,"A","A","PGF",1.5,"blue"
"270",36425725,"G","G","PGF",1.5,"blue"
"271",36472343,"T","T","PGF",1.5,"blue"
"272",36503250,"T","T","PGF",1.5,"blue"
"273",36510632,"C","C","PGF",1.5,"blue"
"274",36518961,"A","A","PGF",1.5,"blue"
"275",36539465,"T","T","PGF",1.5,"blue"
"276",36557550,"C","C","PGF",1.5,"blue"
"277",36562996,"G","G","PGF",1.5,"blue"
"278",36572515,"G","G","PGF",1.5,"blue"
"279",36635032,"C","C","PGF",1.5,"blue"
"280",37081397,"0","A","PGM",0.5,"red"
"281",37081695,"C","C","PGF",1.5,"blue"
"282",37087493,"C","C","PGF",1.5,"blue"
"283",37090343,"A","A","PGF",1.5,"blue"
"284",37091631,"T","T","PGF",1.5,"blue"
"285",37241839,"C","C","PGF",1.5,"blue"
"286",37246329,"T","T","PGF",1.5,"blue"
"287",37289869,"G","G","PGF",1.5,"blue"
"288",37296931,"A","A","PGF",1.5,"blue"
"289",37298344,"G","G","PGF",1.5,"blue"
"290",37310046,"A","A","PGF",1.5,"blue"
"291",37498026,"T","T","PGF",1.5,"blue"
"292",37499019,"A","A","PGF",1.5,"blue"
"293",37510072,"T","T","PGF",1.5,"blue"
"294",37513548,"C","C","PGF",1.5,"blue"
"295",37526529,"A","A","PGF",1.5,"blue"
"296",37531436,"A","A","PGF",1.5,"blue"
"297",37535471,"T","T","PGF",1.5,"blue"
"298",37980494,"C","C","PGF",1.5,"blue"
"299",38715222,"A","A","PGF",1.5,"blue"
"300",39513530,"T","T","PGF",1.5,"blue"
"301",40102459,"G","G","PGF",1.5,"blue"
"302",40326174,"A","A","PGF",1.5,"blue"
"303",40363548,"C","C","PGF",1.5,"blue"
"304",40364415,"G","G","PGF",1.5,"blue"
"305",40375703,"G","G","PGF",1.5,"blue"
"306",41651034,"G","G","PGF",1.5,"blue"
"307",41651467,"T","T","PGF",1.5,"blue"
"308",41661154,"T","T","PGF",1.5,"blue"
"309",41697338,"G","G","PGF",1.5,"blue"
"310",43333156,"G","G","PGF",1.5,"blue"
"311",43403024,"T","T","PGF",1.5,"blue"
"312",43585305,"C","C","PGF",1.5,"blue"
"313",43610930,"A","A","PGF",1.5,"blue"
"314",43623770,"G","G","PGF",1.5,"blue"
"315",43633977,"A","A","PGF",1.5,"blue"
"316",43712536,"C","C","PGF",1.5,"blue"
"317",43980616,"A","A","PGF",1.5,"blue"
"318",44183913,"A","A","PGF",1.5,"blue"
"319",44697280,"A","A","PGF",1.5,"blue"
"320",44753351,"T","T","PGF",1.5,"blue"
"321",44823445,"G","G","PGF",1.5,"blue"
"322",44828077,"C","C","PGF",1.5,"blue"
"323",44831844,"G","G","PGF",1.5,"blue"
"324",44943401,"A","A","PGF",1.5,"blue"
"325",44947361,"G","G","PGF",1.5,"blue"
"326",44951267,"C","C","PGF",1.5,"blue"
"327",44994946,"C","C","PGF",1.5,"blue"
"328",45044681,"G","G","PGF",1.5,"blue"
"329",45121914,"A","A","PGF",1.5,"blue"
"330",45157213,"C","C","PGF",1.5,"blue"
"331",45237092,"A","A","PGF",1.5,"blue"
"332",45243111,"G","G","PGF",1.5,"blue"
"333",45274695,"T","T","PGF",1.5,"blue"
"334",45277909,"A","A","PGF",1.5,"blue"
"335",45279320,"A","A","PGF",1.5,"blue"
"336",45279498,"C","C","PGF",1.5,"blue"
"337",45308878,"G","G","PGF",1.5,"blue"
"338",45309653,"C","C","PGF",1.5,"blue"
"339",45315232,"T","T","PGF",1.5,"blue"
"340",45319317,"C","C","PGF",1.5,"blue"
"341",45320631,"G","G","PGF",1.5,"blue"
"342",45513060,"C","C","PGF",1.5,"blue"
"343",45553210,"C","C","PGF",1.5,"blue"
"344",45569845,"T","T","PGF",1.5,"blue"
"345",45857918,"T","T","PGF",1.5,"blue"
"346",45858097,"G","G","PGF",1.5,"blue"
"347",45858278,"G","G","PGF",1.5,"blue"
"348",45971880,"G","G","PGF",1.5,"blue"
"349",45974757,"G","G","PGF",1.5,"blue"
"350",45983415,"T","T","PGF",1.5,"blue"
"351",45992149,"T","T","PGF",1.5,"blue"
"352",46022046,"T","T","PGF",1.5,"blue"
"353",46033927,"C","C","PGF",1.5,"blue"
"354",46034802,"C","C","PGF",1.5,"blue"
"355",46035116,"C","C","PGF",1.5,"blue"
"356",46074258,"A","A","PGF",1.5,"blue"
"357",46097122,"T","T","PGF",1.5,"blue"
"358",46175530,"A","A","PGF",1.5,"blue"
"359",46876483,"A","A","PGF",1.5,"blue"
"360",46898454,"C","C","PGF",1.5,"blue"
"361",46898743,"T","T","PGF",1.5,"blue"
"362",46899079,"G","G","PGF",1.5,"blue"
"363",46927667,"C","C","PGF",1.5,"blue"
"364",46964908,"G","G","PGF",1.5,"blue"
"365",46967883,"G","G","PGF",1.5,"blue"
"366",47090243,"C","C","PGF",1.5,"blue"
"367",47436940,"G","G","PGF",1.5,"blue"
"368",47443731,"C","C","PGF",1.5,"blue"
"369",47454664,"G","G","PGF",1.5,"blue"
"370",47599811,"G","G","PGF",1.5,"blue"
"371",47603169,"A","A","PGF",1.5,"blue"
"372",47604571,"T","T","PGF",1.5,"blue"
"373",47619594,"G","G","PGF",1.5,"blue"
"374",47625244,"C","C","PGF",1.5,"blue"
"375",47631491,"A","A","PGF",1.5,"blue"
"376",47632005,"G","G","PGF",1.5,"blue"
"377",47645317,"C","C","PGF",1.5,"blue"
"378",47663026,"A","A","PGF",1.5,"blue"
"379",47665229,"A","A","PGF",1.5,"blue"
"380",47665797,"C","C","PGF",1.5,"blue"
"381",47670894,"C","C","PGF",1.5,"blue"
"382",47683805,"C","C","PGF",1.5,"blue"
"383",47688227,"C","C","PGF",1.5,"blue"
"384",47692636,"A","A","PGF",1.5,"blue"
"385",47701711,"C","C","PGF",1.5,"blue"
"386",47706502,"A","A","PGF",1.5,"blue"
"387",47724923,"C","C","PGF",1.5,"blue"
"388",47726089,"T","T","PGF",1.5,"blue"
"389",47735419,"A","A","PGF",1.5,"blue"
"390",47752282,"C","C","PGF",1.5,"blue"
"391",47755325,"G","G","PGF",1.5,"blue"
"392",47846204,"C","C","PGF",1.5,"blue"
"393",47852187,"C","C","PGF",1.5,"blue"
"394",47965821,"G","G","PGF",1.5,"blue"
"395",47993307,"C","C","PGF",1.5,"blue"
"396",47995475,"C","C","PGF",1.5,"blue"
"397",48144783,"G","G","PGF",1.5,"blue"
"398",48448776,"T","T","PGF",1.5,"blue"
"399",48481280,"A","A","PGF",1.5,"blue"
"400",48481465,"G","G","PGF",1.5,"blue"
"401",48701985,"G","G","PGF",1.5,"blue"
"402",48750056,"G","G","PGF",1.5,"blue"
"403",48888255,"A","A","PGF",1.5,"blue"
"404",48888607,"G","G","PGF",1.5,"blue"
"405",48892314,"G","G","PGF",1.5,"blue"
"406",48909082,"T","T","PGF",1.5,"blue"
"407",48923775,"A","A","PGF",1.5,"blue"
"408",49065116,"A","A","PGF",1.5,"blue"
"409",49155087,"A","A","PGF",1.5,"blue"
"410",49175009,"A","A","PGF",1.5,"blue"
"411",49201704,"C","C","PGF",1.5,"blue"
"412",49302757,"T","T","PGF",1.5,"blue"
"413",49419836,"T","T","PGF",1.5,"blue"
"414",49422263,"A","A","PGF",1.5,"blue"
"415",49430916,"T","T","PGF",1.5,"blue"
"416",49434131,"G","G","PGF",1.5,"blue"
"417",49809716,"A","A","PGF",1.5,"blue"
"418",49821415,"A","A","PGF",1.5,"blue"
"419",50345729,"T","T","PGF",1.5,"blue"
"420",50349644,"A","A","PGF",1.5,"blue"
"421",50935536,"A","A","PGF",1.5,"blue"
"422",50937445,"T","T","PGF",1.5,"blue"
"423",50944163,"A","A","PGF",1.5,"blue"
"424",50955538,"A","A","PGF",1.5,"blue"
"425",51140316,"T","T","PGF",1.5,"blue"
"426",51150473,"A","A","PGF",1.5,"blue"
"427",51151350,"T","T","PGF",1.5,"blue"
