"","position","my_allele","pgf_allele","source","plot_y","color"
"1",2655180,"G","G","PGF",1.5,"blue"
"2",2655248,"G","G","PGF",1.5,"blue"
"3",2655278,"I","I","PGF",1.5,"blue"
"4",2655308,"C","C","PGF",1.5,"blue"
"5",2655319,"A","A","PGF",1.5,"blue"
"6",2655321,"I","I","PGF",1.5,"blue"
"7",2655328,"T","T","PGF",1.5,"blue"
"8",2655361,"C","C","PGF",1.5,"blue"
"9",2655368,"G","G","PGF",1.5,"blue"
"10",2655371,"T","T","PGF",1.5,"blue"
"11",2655375,"G","0","Mismatch/Noise",0.5,"red"
"12",2655436,"C","C","PGF",1.5,"blue"
"13",2655453,"C","C","PGF",1.5,"blue"
"14",2655467,"C","C","PGF",1.5,"blue"
"15",2655633,"A","A","PGF",1.5,"blue"
"16",2657349,"T","T","PGF",1.5,"blue"
"17",2658271,"G","G","PGF",1.5,"blue"
"18",2658285,"C","0","Mismatch/Noise",0.5,"red"
"19",2658869,"G","G","PGF",1.5,"blue"
"20",2661306,"T","T","PGF",1.5,"blue"
"21",2661694,"G","G","PGF",1.5,"blue"
"22",2661836,"C","C","PGF",1.5,"blue"
"23",2663685,"T","T","PGF",1.5,"blue"
"24",2668456,"C","C","PGF",1.5,"blue"
"25",2669716,"C","C","PGF",1.5,"blue"
"26",2697625,"G","0","Mismatch/Noise",0.5,"red"
"27",2705854,"G","G","PGF",1.5,"blue"
"28",2710013,"A","A","PGF",1.5,"blue"
"29",2710154,"G","G","PGF",1.5,"blue"
"30",2713589,"G","G","PGF",1.5,"blue"
"31",2722413,"G","G","PGF",1.5,"blue"
"32",2724506,"T","0","Mismatch/Noise",0.5,"red"
"33",2727858,"G","G","PGF",1.5,"blue"
"34",2728042,"A","A","PGF",1.5,"blue"
"35",2734776,"T","T","PGF",1.5,"blue"
"36",2734854,"C","C","PGF",1.5,"blue"
"37",2743754,"C","C","PGF",1.5,"blue"
"38",2749045,"A","A","PGF",1.5,"blue"
"39",2749995,"T","T","PGF",1.5,"blue"
"40",2750408,"A","A","PGF",1.5,"blue"
"41",2751678,"A","A","PGF",1.5,"blue"
"42",2756519,"C","C","PGF",1.5,"blue"
"43",2793616,"C","C","PGF",1.5,"blue"
"44",2803135,"G","G","PGF",1.5,"blue"
"45",2803717,"C","C","PGF",1.5,"blue"
"46",2818883,"G","G","PGF",1.5,"blue"
"47",2819161,"G","G","PGF",1.5,"blue"
"48",2821786,"G","G","PGF",1.5,"blue"
"49",2825845,"T","T","PGF",1.5,"blue"
"50",2826066,"C","C","PGF",1.5,"blue"
"51",2828196,"T","T","PGF",1.5,"blue"
"52",2837192,"C","C","PGF",1.5,"blue"
"53",2840301,"G","G","PGF",1.5,"blue"
"54",2842212,"T","0","Mismatch/Noise",0.5,"red"
"55",2846401,"C","C","PGF",1.5,"blue"
"56",2863665,"G","G","PGF",1.5,"blue"
"57",2867288,"G","G","PGF",1.5,"blue"
"58",2868496,"A","A","PGF",1.5,"blue"
"59",2868499,"T","T","PGF",1.5,"blue"
"60",2872583,"G","G","PGF",1.5,"blue"
"61",2872610,"C","C","PGF",1.5,"blue"
"62",2875527,"G","G","PGF",1.5,"blue"
"63",2877479,"A","0","Mismatch/Noise",0.5,"red"
"64",2878605,"T","T","PGF",1.5,"blue"
"65",2881377,"G","0","Mismatch/Noise",0.5,"red"
"66",2887156,"C","C","PGF",1.5,"blue"
"67",2887824,"C","C","PGF",1.5,"blue"
"68",2888477,"G","G","PGF",1.5,"blue"
"69",2892150,"G","G","PGF",1.5,"blue"
"70",2893277,"G","G","PGF",1.5,"blue"
"71",2902839,"T","T","PGF",1.5,"blue"
"72",2911033,"G","0","Mismatch/Noise",0.5,"red"
"73",2980725,"C","0","Mismatch/Noise",0.5,"red"
"74",3062994,"T","0","Mismatch/Noise",0.5,"red"
"75",3199276,"T","T","PGF",1.5,"blue"
"76",3342922,"T","T","PGF",1.5,"blue"
"77",3531404,"C","C","PGF",1.5,"blue"
"78",3667776,"T","T","PGF",1.5,"blue"
"79",3966392,"A","A","PGF",1.5,"blue"
"80",4078217,"C","C","PGF",1.5,"blue"
"81",4223442,"G","G","PGF",1.5,"blue"
"82",4374214,"G","G","PGF",1.5,"blue"
"83",4934737,"T","0","Mismatch/Noise",0.5,"red"
"84",4935714,"C","C","PGF",1.5,"blue"
"85",5411068,"G","G","PGF",1.5,"blue"
"86",5504106,"T","T","PGF",1.5,"blue"
"87",5747681,"G","G","PGF",1.5,"blue"
"88",5755550,"C","C","PGF",1.5,"blue"
"89",6000464,"T","T","PGF",1.5,"blue"
"90",6093865,"G","G","PGF",1.5,"blue"
"91",6396326,"G","G","PGF",1.5,"blue"
"92",6425539,"A","A","PGF",1.5,"blue"
"93",6630931,"A","A","PGF",1.5,"blue"
"94",6635162,"T","T","PGF",1.5,"blue"
"95",6647632,"T","T","PGF",1.5,"blue"
"96",6659212,"A","A","PGF",1.5,"blue"
"97",6670461,"T","T","PGF",1.5,"blue"
"98",6670598,"A","A","PGF",1.5,"blue"
"99",6692469,"T","0","Mismatch/Noise",0.5,"red"
"100",6692993,"T","0","Mismatch/Noise",0.5,"red"
"101",6700171,"G","0","Mismatch/Noise",0.5,"red"
"102",6728092,"G","G","PGF",1.5,"blue"
"103",6728094,"G","G","PGF",1.5,"blue"
"104",6738741,"A","A","PGF",1.5,"blue"
"105",6740171,"A","A","PGF",1.5,"blue"
"106",6740387,"G","G","PGF",1.5,"blue"
"107",6740510,"A","A","PGF",1.5,"blue"
"108",6740704,"A","A","PGF",1.5,"blue"
"109",6753511,"G","0","Mismatch/Noise",0.5,"red"
"110",6753519,"G","0","Mismatch/Noise",0.5,"red"
"111",6766753,"A","A","PGF",1.5,"blue"
"112",6777077,"T","T","PGF",1.5,"blue"
"113",6788191,"G","G","PGF",1.5,"blue"
"114",6788390,"C","C","PGF",1.5,"blue"
"115",6796065,"A","A","PGF",1.5,"blue"
"116",6802177,"T","T","PGF",1.5,"blue"
"117",6812012,"T","T","PGF",1.5,"blue"
"118",6818291,"C","C","PGF",1.5,"blue"
"119",6822948,"C","C","PGF",1.5,"blue"
"120",6842263,"G","G","PGF",1.5,"blue"
"121",6843151,"T","T","PGF",1.5,"blue"
"122",6845657,"A","A","PGF",1.5,"blue"
"123",6845955,"G","G","PGF",1.5,"blue"
"124",6846615,"C","C","PGF",1.5,"blue"
"125",6849811,"A","A","PGF",1.5,"blue"
"126",6851494,"A","A","PGF",1.5,"blue"
"127",6851720,"G","G","PGF",1.5,"blue"
"128",6854765,"C","C","PGF",1.5,"blue"
"129",6858028,"G","G","PGF",1.5,"blue"
"130",6858999,"I","I","PGF",1.5,"blue"
"131",6859064,"T","T","PGF",1.5,"blue"
"132",6859963,"C","C","PGF",1.5,"blue"
"133",6860508,"A","A","PGF",1.5,"blue"
"134",6861075,"G","G","PGF",1.5,"blue"
"135",6862757,"G","G","PGF",1.5,"blue"
"136",6863229,"A","A","PGF",1.5,"blue"
"137",6863908,"T","T","PGF",1.5,"blue"
"138",6868118,"G","G","PGF",1.5,"blue"
"139",6876484,"G","G","PGF",1.5,"blue"
"140",6879761,"A","A","PGF",1.5,"blue"
"141",6885631,"0","G","Mismatch/Noise",0.5,"red"
"142",6890722,"T","0","Mismatch/Noise",0.5,"red"
"143",6890869,"A","A","PGF",1.5,"blue"
"144",6893093,"A","0","Mismatch/Noise",0.5,"red"
"145",6894187,"C","C","PGF",1.5,"blue"
"146",6894625,"G","G","PGF",1.5,"blue"
"147",6894819,"G","G","PGF",1.5,"blue"
"148",6896051,"A","A","PGF",1.5,"blue"
"149",6905504,"T","T","PGF",1.5,"blue"
"150",6906074,"A","A","PGF",1.5,"blue"
"151",6906332,"G","G","PGF",1.5,"blue"
"152",6907838,"G","G","PGF",1.5,"blue"
"153",6908261,"G","G","PGF",1.5,"blue"
"154",6909339,"C","C","PGF",1.5,"blue"
"155",6912992,"T","T","PGF",1.5,"blue"
"156",6919614,"T","T","PGF",1.5,"blue"
"157",6931538,"C","C","PGF",1.5,"blue"
"158",6931809,"C","0","Mismatch/Noise",0.5,"red"
"159",6932007,"G","G","PGF",1.5,"blue"
"160",6932106,"A","A","PGF",1.5,"blue"
"161",6932148,"G","G","PGF",1.5,"blue"
"162",6932171,"G","G","PGF",1.5,"blue"
"163",6932199,"G","G","PGF",1.5,"blue"
"164",6932663,"G","G","PGF",1.5,"blue"
"165",6932821,"G","G","PGF",1.5,"blue"
"166",6932829,"G","0","Mismatch/Noise",0.5,"red"
"167",6938119,"G","G","PGF",1.5,"blue"
"168",6941218,"A","A","PGF",1.5,"blue"
"169",6943522,"C","0","Mismatch/Noise",0.5,"red"
"170",6951990,"C","C","PGF",1.5,"blue"
"171",6952023,"C","C","PGF",1.5,"blue"
"172",6952061,"C","C","PGF",1.5,"blue"
"173",6954470,"C","C","PGF",1.5,"blue"
"174",6965215,"C","C","PGF",1.5,"blue"
"175",6986981,"C","C","PGF",1.5,"blue"
"176",6995523,"A","A","PGF",1.5,"blue"
"177",6995952,"A","A","PGF",1.5,"blue"
"178",6997451,"C","C","PGF",1.5,"blue"
"179",7014317,"G","G","PGF",1.5,"blue"
"180",7035520,"C","C","PGF",1.5,"blue"
"181",7045854,"G","G","PGF",1.5,"blue"
"182",7046114,"G","G","PGF",1.5,"blue"
"183",7057795,"C","C","PGF",1.5,"blue"
"184",7066041,"C","C","PGF",1.5,"blue"
"185",7073423,"G","G","PGF",1.5,"blue"
"186",7073573,"C","C","PGF",1.5,"blue"
"187",7075557,"C","C","PGF",1.5,"blue"
"188",7077897,"A","0","Mismatch/Noise",0.5,"red"
"189",7087279,"T","T","PGF",1.5,"blue"
"190",7098985,"A","A","PGF",1.5,"blue"
"191",7113556,"C","C","PGF",1.5,"blue"
"192",7136012,"G","G","PGF",1.5,"blue"
"193",7137632,"A","A","PGF",1.5,"blue"
"194",7143700,"C","C","PGF",1.5,"blue"
"195",7149682,"G","0","Mismatch/Noise",0.5,"red"
"196",7151887,"C","C","PGF",1.5,"blue"
"197",7157050,"T","T","PGF",1.5,"blue"
"198",7158945,"C","C","PGF",1.5,"blue"
"199",7173143,"A","A","PGF",1.5,"blue"
"200",7177189,"G","G","PGF",1.5,"blue"
"201",7188055,"A","A","PGF",1.5,"blue"
"202",7188478,"C","C","PGF",1.5,"blue"
"203",7193034,"G","G","PGF",1.5,"blue"
"204",7196932,"T","T","PGF",1.5,"blue"
"205",7202703,"T","T","PGF",1.5,"blue"
"206",7205902,"C","0","Mismatch/Noise",0.5,"red"
"207",7211776,"C","C","PGF",1.5,"blue"
"208",7220727,"A","A","PGF",1.5,"blue"
"209",7241447,"C","C","PGF",1.5,"blue"
"210",7265766,"A","A","PGF",1.5,"blue"
"211",7271722,"C","C","PGF",1.5,"blue"
"212",7279954,"A","A","PGF",1.5,"blue"
"213",7291534,"G","G","PGF",1.5,"blue"
"214",7292720,"C","C","PGF",1.5,"blue"
"215",7320623,"G","G","PGF",1.5,"blue"
"216",7330975,"C","C","PGF",1.5,"blue"
"217",7332132,"C","0","Mismatch/Noise",0.5,"red"
"218",7401585,"G","G","PGF",1.5,"blue"
"219",7401836,"G","G","PGF",1.5,"blue"
"220",7508686,"T","T","PGF",1.5,"blue"
"221",7517055,"C","C","PGF",1.5,"blue"
"222",7527930,"G","G","PGF",1.5,"blue"
"223",7527958,"T","T","PGF",1.5,"blue"
"224",7528917,"A","A","PGF",1.5,"blue"
"225",7530813,"A","A","PGF",1.5,"blue"
"226",7546726,"G","G","PGF",1.5,"blue"
"227",7548915,"G","0","Mismatch/Noise",0.5,"red"
"228",7552356,"G","G","PGF",1.5,"blue"
"229",7558795,"C","C","PGF",1.5,"blue"
"230",7570678,"G","0","Mismatch/Noise",0.5,"red"
"231",7570816,"G","0","Mismatch/Noise",0.5,"red"
"232",7570822,"G","G","PGF",1.5,"blue"
"233",7571122,"A","A","PGF",1.5,"blue"
"234",7571621,"T","T","PGF",1.5,"blue"
"235",7583254,"T","T","PGF",1.5,"blue"
"236",7585948,"G","G","PGF",1.5,"blue"
"237",7589937,"G","G","PGF",1.5,"blue"
"238",7592457,"A","A","PGF",1.5,"blue"
"239",7596315,"C","C","PGF",1.5,"blue"
"240",7602368,"A","A","PGF",1.5,"blue"
"241",7604310,"G","0","Mismatch/Noise",0.5,"red"
"242",7606633,"G","G","PGF",1.5,"blue"
"243",7611416,"T","T","PGF",1.5,"blue"
"244",7626710,"G","G","PGF",1.5,"blue"
"245",7628484,"C","C","PGF",1.5,"blue"
"246",7628900,"G","G","PGF",1.5,"blue"
"247",7629512,"C","C","PGF",1.5,"blue"
"248",7642823,"G","G","PGF",1.5,"blue"
"249",7652844,"T","0","Mismatch/Noise",0.5,"red"
"250",7654353,"G","G","PGF",1.5,"blue"
"251",7654384,"G","G","PGF",1.5,"blue"
"252",7654523,"C","C","PGF",1.5,"blue"
"253",7658712,"T","T","PGF",1.5,"blue"
"254",7659715,"A","A","PGF",1.5,"blue"
"255",7659777,"A","0","Mismatch/Noise",0.5,"red"
"256",7671535,"C","C","PGF",1.5,"blue"
"257",7683058,"G","G","PGF",1.5,"blue"
"258",7684952,"A","0","Mismatch/Noise",0.5,"red"
"259",7687135,"T","T","PGF",1.5,"blue"
"260",7689689,"G","G","PGF",1.5,"blue"
"261",7690182,"A","A","PGF",1.5,"blue"
"262",7697222,"C","0","Mismatch/Noise",0.5,"red"
"263",7711848,"A","A","PGF",1.5,"blue"
"264",7716262,"A","A","PGF",1.5,"blue"
"265",7729538,"G","G","PGF",1.5,"blue"
"266",7729622,"G","G","PGF",1.5,"blue"
"267",7729716,"A","A","PGF",1.5,"blue"
"268",7736744,"G","G","PGF",1.5,"blue"
"269",7738069,"G","G","PGF",1.5,"blue"
"270",7738468,"C","C","PGF",1.5,"blue"
"271",7759895,"G","G","PGF",1.5,"blue"
"272",7766712,"T","T","PGF",1.5,"blue"
"273",7771131,"G","G","PGF",1.5,"blue"
"274",7771358,"T","T","PGF",1.5,"blue"
"275",7792995,"T","T","PGF",1.5,"blue"
"276",7794147,"A","A","PGF",1.5,"blue"
"277",7796708,"C","C","PGF",1.5,"blue"
"278",7801788,"C","C","PGF",1.5,"blue"
"279",7812445,"T","T","PGF",1.5,"blue"
"280",7825925,"A","A","PGF",1.5,"blue"
"281",7835847,"G","G","PGF",1.5,"blue"
"282",7855252,"C","C","PGF",1.5,"blue"
"283",7855759,"C","C","PGF",1.5,"blue"
"284",7857743,"T","T","PGF",1.5,"blue"
"285",7872203,"C","C","PGF",1.5,"blue"
"286",7879415,"A","0","Mismatch/Noise",0.5,"red"
"287",7883339,"C","C","PGF",1.5,"blue"
"288",7887185,"A","A","PGF",1.5,"blue"
"289",7900462,"A","0","Mismatch/Noise",0.5,"red"
"290",7907021,"A","A","PGF",1.5,"blue"
"291",7908950,"G","G","PGF",1.5,"blue"
"292",7912385,"T","T","PGF",1.5,"blue"
"293",7913358,"G","G","PGF",1.5,"blue"
"294",7913691,"G","G","PGF",1.5,"blue"
"295",7917959,"A","A","PGF",1.5,"blue"
"296",7960019,"G","G","PGF",1.5,"blue"
"297",7963031,"T","T","PGF",1.5,"blue"
"298",7987577,"T","T","PGF",1.5,"blue"
"299",7992061,"C","0","Mismatch/Noise",0.5,"red"
"300",8020092,"A","A","PGF",1.5,"blue"
"301",8021340,"C","C","PGF",1.5,"blue"
"302",8025051,"T","T","PGF",1.5,"blue"
"303",8033198,"A","A","PGF",1.5,"blue"
"304",8039719,"C","C","PGF",1.5,"blue"
"305",8050994,"G","G","PGF",1.5,"blue"
"306",8051123,"T","T","PGF",1.5,"blue"
"307",8059894,"C","C","PGF",1.5,"blue"
"308",8070532,"T","T","PGF",1.5,"blue"
"309",8073670,"G","G","PGF",1.5,"blue"
"310",8085097,"C","C","PGF",1.5,"blue"
"311",8086815,"A","A","PGF",1.5,"blue"
"312",8087059,"A","A","PGF",1.5,"blue"
"313",8087573,"A","A","PGF",1.5,"blue"
"314",8149348,"A","A","PGF",1.5,"blue"
"315",8194310,"C","C","PGF",1.5,"blue"
"316",8202356,"C","C","PGF",1.5,"blue"
"317",8214827,"C","C","PGF",1.5,"blue"
"318",8233186,"C","C","PGF",1.5,"blue"
"319",8235033,"C","C","PGF",1.5,"blue"
"320",8245045,"C","C","PGF",1.5,"blue"
"321",8267895,"G","G","PGF",1.5,"blue"
"322",8306262,"G","G","PGF",1.5,"blue"
"323",8315095,"C","C","PGF",1.5,"blue"
"324",8315255,"G","G","PGF",1.5,"blue"
"325",8334875,"A","A","PGF",1.5,"blue"
"326",8335203,"G","G","PGF",1.5,"blue"
"327",8348932,"T","T","PGF",1.5,"blue"
"328",8353707,"C","C","PGF",1.5,"blue"
"329",8360818,"G","G","PGF",1.5,"blue"
"330",8364460,"T","T","PGF",1.5,"blue"
"331",8368729,"C","C","PGF",1.5,"blue"
"332",8373972,"A","A","PGF",1.5,"blue"
"333",8380220,"A","A","PGF",1.5,"blue"
"334",8389216,"C","C","PGF",1.5,"blue"
"335",8392350,"A","A","PGF",1.5,"blue"
"336",8403749,"G","G","PGF",1.5,"blue"
"337",8411202,"A","A","PGF",1.5,"blue"
"338",8424089,"A","A","PGF",1.5,"blue"
"339",8426321,"T","T","PGF",1.5,"blue"
"340",8426362,"G","G","PGF",1.5,"blue"
"341",8429419,"C","C","PGF",1.5,"blue"
"342",8432095,"G","G","PGF",1.5,"blue"
"343",8462028,"A","0","Mismatch/Noise",0.5,"red"
"344",8466781,"G","G","PGF",1.5,"blue"
"345",8466988,"A","0","Mismatch/Noise",0.5,"red"
"346",8467053,"G","G","PGF",1.5,"blue"
"347",8467082,"C","C","PGF",1.5,"blue"
"348",8467136,"G","G","PGF",1.5,"blue"
"349",8467290,"T","T","PGF",1.5,"blue"
"350",8469661,"G","G","PGF",1.5,"blue"
"351",8479245,"A","A","PGF",1.5,"blue"
"352",8483661,"G","G","PGF",1.5,"blue"
"353",8485542,"C","C","PGF",1.5,"blue"
"354",8490706,"G","G","PGF",1.5,"blue"
"355",8502236,"G","G","PGF",1.5,"blue"
"356",8524959,"C","C","PGF",1.5,"blue"
"357",8532844,"C","C","PGF",1.5,"blue"
"358",8533735,"G","G","PGF",1.5,"blue"
"359",8542774,"T","T","PGF",1.5,"blue"
"360",8568831,"G","G","PGF",1.5,"blue"
"361",8571457,"C","C","PGF",1.5,"blue"
"362",8576009,"A","A","PGF",1.5,"blue"
"363",8578140,"G","0","Mismatch/Noise",0.5,"red"
"364",8587013,"C","C","PGF",1.5,"blue"
"365",8589031,"T","T","PGF",1.5,"blue"
"366",8599422,"A","A","PGF",1.5,"blue"
"367",8602415,"T","T","PGF",1.5,"blue"
"368",8602518,"C","C","PGF",1.5,"blue"
"369",8603396,"A","A","PGF",1.5,"blue"
"370",8614138,"T","T","PGF",1.5,"blue"
"371",8622207,"C","C","PGF",1.5,"blue"
"372",8633545,"T","T","PGF",1.5,"blue"
"373",8637791,"G","G","PGF",1.5,"blue"
"374",8643763,"A","A","PGF",1.5,"blue"
"375",8660432,"G","G","PGF",1.5,"blue"
"376",8675467,"G","G","PGF",1.5,"blue"
"377",8679843,"G","G","PGF",1.5,"blue"
"378",8680661,"C","C","PGF",1.5,"blue"
"379",8684816,"G","G","PGF",1.5,"blue"
"380",8685038,"G","G","PGF",1.5,"blue"
"381",8685230,"G","0","Mismatch/Noise",0.5,"red"
"382",8746440,"C","C","PGF",1.5,"blue"
"383",8758629,"A","A","PGF",1.5,"blue"
"384",8758632,"T","T","PGF",1.5,"blue"
"385",8781088,"A","A","PGF",1.5,"blue"
"386",8796078,"C","C","PGF",1.5,"blue"
"387",8796086,"A","A","PGF",1.5,"blue"
"388",8804321,"A","A","PGF",1.5,"blue"
"389",8805525,"G","G","PGF",1.5,"blue"
"390",8829491,"C","C","PGF",1.5,"blue"
"391",8845380,"C","C","PGF",1.5,"blue"
"392",8852858,"C","C","PGF",1.5,"blue"
"393",8873548,"G","G","PGF",1.5,"blue"
"394",8882497,"A","A","PGF",1.5,"blue"
"395",8890588,"C","C","PGF",1.5,"blue"
"396",8894070,"A","A","PGF",1.5,"blue"
"397",8898284,"G","G","PGF",1.5,"blue"
"398",9044535,"T","T","PGF",1.5,"blue"
"399",9054898,"G","G","PGF",1.5,"blue"
"400",9060781,"C","C","PGF",1.5,"blue"
"401",9108252,"T","0","Mismatch/Noise",0.5,"red"
"402",9125158,"G","G","PGF",1.5,"blue"
"403",9127775,"G","G","PGF",1.5,"blue"
"404",9142717,"G","G","PGF",1.5,"blue"
"405",9154908,"T","T","PGF",1.5,"blue"
"406",9161225,"C","C","PGF",1.5,"blue"
"407",9170545,"C","C","PGF",1.5,"blue"
"408",9177742,"T","T","PGF",1.5,"blue"
"409",9376415,"C","C","PGF",1.5,"blue"
"410",9417393,"G","G","PGF",1.5,"blue"
"411",9448354,"A","A","PGF",1.5,"blue"
"412",9448420,"C","C","PGF",1.5,"blue"
"413",9463712,"A","A","PGF",1.5,"blue"
"414",9480167,"C","C","PGF",1.5,"blue"
"415",9516834,"A","A","PGF",1.5,"blue"
"416",9642917,"G","G","PGF",1.5,"blue"
"417",9745791,"G","G","PGF",1.5,"blue"
"418",9764409,"A","A","PGF",1.5,"blue"
"419",9791250,"G","G","PGF",1.5,"blue"
"420",9810794,"T","0","Mismatch/Noise",0.5,"red"
"421",9819120,"T","T","PGF",1.5,"blue"
"422",9819205,"A","A","PGF",1.5,"blue"
"423",9819254,"G","G","PGF",1.5,"blue"
"424",9841700,"G","G","PGF",1.5,"blue"
"425",9851457,"G","G","PGF",1.5,"blue"
"426",9878915,"C","C","PGF",1.5,"blue"
"427",9879569,"T","0","Mismatch/Noise",0.5,"red"
"428",9882301,"T","T","PGF",1.5,"blue"
"429",9968357,"T","T","PGF",1.5,"blue"
"430",10008791,"C","0","Mismatch/Noise",0.5,"red"
"431",10008803,"G","0","Mismatch/Noise",0.5,"red"
"432",10019072,"G","G","PGF",1.5,"blue"
"433",10077460,"A","A","PGF",1.5,"blue"
"434",13656660,"G","0","Mismatch/Noise",0.5,"red"
"435",13802034,"G","0","Mismatch/Noise",0.5,"red"
"436",13864428,"G","G","PGF",1.5,"blue"
"437",13887941,"G","G","PGF",1.5,"blue"
"438",13955033,"C","C","PGF",1.5,"blue"
"439",13987489,"A","A","PGF",1.5,"blue"
"440",13992279,"G","G","PGF",1.5,"blue"
"441",13992338,"C","0","Mismatch/Noise",0.5,"red"
"442",14000929,"G","G","PGF",1.5,"blue"
"443",14001024,"T","T","PGF",1.5,"blue"
"444",14001162,"G","G","PGF",1.5,"blue"
"445",14001232,"A","A","PGF",1.5,"blue"
"446",14028148,"C","C","PGF",1.5,"blue"
"447",14031334,"A","A","PGF",1.5,"blue"
"448",14042164,"C","C","PGF",1.5,"blue"
"449",14042701,"C","C","PGF",1.5,"blue"
"450",14053205,"G","G","PGF",1.5,"blue"
"451",14060308,"A","A","PGF",1.5,"blue"
"452",14064827,"G","G","PGF",1.5,"blue"
"453",14074877,"C","0","Mismatch/Noise",0.5,"red"
"454",14092982,"G","G","PGF",1.5,"blue"
"455",14096577,"A","A","PGF",1.5,"blue"
"456",14097511,"A","A","PGF",1.5,"blue"
"457",14116584,"T","T","PGF",1.5,"blue"
"458",14126006,"G","G","PGF",1.5,"blue"
"459",14127014,"A","A","PGF",1.5,"blue"
"460",14138745,"C","C","PGF",1.5,"blue"
"461",14140273,"G","G","PGF",1.5,"blue"
"462",14140277,"T","T","PGF",1.5,"blue"
"463",14149772,"T","T","PGF",1.5,"blue"
"464",14159846,"C","C","PGF",1.5,"blue"
"465",14159864,"G","G","PGF",1.5,"blue"
"466",14171665,"T","0","Mismatch/Noise",0.5,"red"
"467",14193384,"G","G","PGF",1.5,"blue"
"468",14194740,"T","T","PGF",1.5,"blue"
"469",14197631,"G","G","PGF",1.5,"blue"
"470",14197867,"A","A","PGF",1.5,"blue"
"471",14197977,"G","G","PGF",1.5,"blue"
"472",14201316,"A","A","PGF",1.5,"blue"
"473",14219849,"A","A","PGF",1.5,"blue"
"474",14231292,"G","G","PGF",1.5,"blue"
"475",14231555,"C","C","PGF",1.5,"blue"
"476",14245444,"A","A","PGF",1.5,"blue"
"477",14249732,"G","G","PGF",1.5,"blue"
"478",14272938,"G","G","PGF",1.5,"blue"
"479",14286626,"T","T","PGF",1.5,"blue"
"480",14288981,"G","0","Mismatch/Noise",0.5,"red"
"481",14288983,"G","G","PGF",1.5,"blue"
"482",14294504,"G","G","PGF",1.5,"blue"
"483",14301499,"G","G","PGF",1.5,"blue"
"484",14313081,"C","C","PGF",1.5,"blue"
"485",14329233,"C","C","PGF",1.5,"blue"
"486",14333654,"A","0","Mismatch/Noise",0.5,"red"
"487",14337364,"T","T","PGF",1.5,"blue"
"488",14345705,"A","A","PGF",1.5,"blue"
"489",14375731,"A","A","PGF",1.5,"blue"
"490",14401486,"C","C","PGF",1.5,"blue"
"491",14405427,"C","0","Mismatch/Noise",0.5,"red"
"492",14407732,"G","0","Mismatch/Noise",0.5,"red"
"493",14432928,"G","G","PGF",1.5,"blue"
"494",14433100,"G","G","PGF",1.5,"blue"
"495",14469372,"A","0","Mismatch/Noise",0.5,"red"
"496",14469411,"C","C","PGF",1.5,"blue"
"497",14477397,"G","G","PGF",1.5,"blue"
"498",14482079,"G","0","Mismatch/Noise",0.5,"red"
"499",14487066,"T","T","PGF",1.5,"blue"
"500",14488952,"C","C","PGF",1.5,"blue"
"501",14491707,"A","A","PGF",1.5,"blue"
"502",14492042,"T","T","PGF",1.5,"blue"
"503",14495243,"T","T","PGF",1.5,"blue"
"504",14496387,"C","C","PGF",1.5,"blue"
"505",14496407,"A","0","Mismatch/Noise",0.5,"red"
"506",14496441,"G","G","PGF",1.5,"blue"
"507",14496753,"G","G","PGF",1.5,"blue"
"508",14496855,"G","G","PGF",1.5,"blue"
"509",14497168,"C","C","PGF",1.5,"blue"
"510",14497207,"A","A","PGF",1.5,"blue"
"511",14498990,"C","C","PGF",1.5,"blue"
"512",14515250,"C","0","Mismatch/Noise",0.5,"red"
"513",14529630,"G","G","PGF",1.5,"blue"
"514",14531350,"T","0","Mismatch/Noise",0.5,"red"
"515",14548082,"C","C","PGF",1.5,"blue"
"516",14570424,"T","T","PGF",1.5,"blue"
"517",14577177,"G","G","PGF",1.5,"blue"
"518",14577209,"C","C","PGF",1.5,"blue"
"519",14577272,"C","C","PGF",1.5,"blue"
"520",14598808,"T","T","PGF",1.5,"blue"
"521",14604583,"T","T","PGF",1.5,"blue"
"522",14636086,"G","G","PGF",1.5,"blue"
"523",14636457,"C","C","PGF",1.5,"blue"
"524",14640715,"A","A","PGF",1.5,"blue"
"525",14643410,"G","G","PGF",1.5,"blue"
"526",14654615,"A","0","Mismatch/Noise",0.5,"red"
"527",14655169,"G","G","PGF",1.5,"blue"
"528",14659968,"D","0","Mismatch/Noise",0.5,"red"
"529",14664631,"G","G","PGF",1.5,"blue"
"530",14666569,"C","C","PGF",1.5,"blue"
"531",14679362,"C","C","PGF",1.5,"blue"
"532",14698928,"C","C","PGF",1.5,"blue"
"533",14734195,"G","G","PGF",1.5,"blue"
"534",14753989,"C","C","PGF",1.5,"blue"
"535",14769786,"A","A","PGF",1.5,"blue"
"536",14777360,"A","A","PGF",1.5,"blue"
"537",14777842,"T","T","PGF",1.5,"blue"
"538",14798272,"T","0","Mismatch/Noise",0.5,"red"
"539",14804077,"G","G","PGF",1.5,"blue"
"540",14813717,"T","T","PGF",1.5,"blue"
"541",14813991,"T","T","PGF",1.5,"blue"
"542",14814060,"G","G","PGF",1.5,"blue"
"543",14814540,"T","T","PGF",1.5,"blue"
"544",14814550,"T","T","PGF",1.5,"blue"
"545",14817309,"T","T","PGF",1.5,"blue"
"546",14818741,"C","C","PGF",1.5,"blue"
"547",14827703,"T","T","PGF",1.5,"blue"
"548",14838700,"C","C","PGF",1.5,"blue"
"549",14842223,"C","C","PGF",1.5,"blue"
"550",14847792,"A","A","PGF",1.5,"blue"
"551",14848650,"G","0","Mismatch/Noise",0.5,"red"
"552",14850314,"T","T","PGF",1.5,"blue"
"553",14850341,"T","T","PGF",1.5,"blue"
"554",14850465,"G","G","PGF",1.5,"blue"
"555",14850853,"C","C","PGF",1.5,"blue"
"556",14861908,"T","T","PGF",1.5,"blue"
"557",14864191,"T","T","PGF",1.5,"blue"
"558",14865477,"T","T","PGF",1.5,"blue"
"559",14869076,"C","C","PGF",1.5,"blue"
"560",14870114,"T","T","PGF",1.5,"blue"
"561",14871976,"C","C","PGF",1.5,"blue"
"562",14884838,"C","C","PGF",1.5,"blue"
"563",14885368,"T","T","PGF",1.5,"blue"
"564",14887218,"C","C","PGF",1.5,"blue"
"565",14888783,"A","A","PGF",1.5,"blue"
"566",14889974,"C","C","PGF",1.5,"blue"
"567",14890987,"G","G","PGF",1.5,"blue"
"568",14894401,"A","A","PGF",1.5,"blue"
"569",14896020,"A","A","PGF",1.5,"blue"
"570",14898094,"A","A","PGF",1.5,"blue"
"571",14898117,"T","T","PGF",1.5,"blue"
"572",14898163,"G","G","PGF",1.5,"blue"
"573",14898383,"G","G","PGF",1.5,"blue"
"574",14898570,"G","G","PGF",1.5,"blue"
"575",14900533,"C","C","PGF",1.5,"blue"
"576",14901633,"C","C","PGF",1.5,"blue"
"577",14902414,"G","G","PGF",1.5,"blue"
"578",14902417,"C","C","PGF",1.5,"blue"
"579",14902456,"A","A","PGF",1.5,"blue"
"580",14904859,"C","C","PGF",1.5,"blue"
"581",14905147,"T","T","PGF",1.5,"blue"
"582",14917573,"G","G","PGF",1.5,"blue"
"583",14917922,"A","A","PGF",1.5,"blue"
"584",14920900,"C","C","PGF",1.5,"blue"
"585",14922583,"T","T","PGF",1.5,"blue"
"586",14922817,"T","T","PGF",1.5,"blue"
"587",14923461,"I","I","PGF",1.5,"blue"
"588",14924869,"C","C","PGF",1.5,"blue"
"589",14928001,"A","A","PGF",1.5,"blue"
"590",14930151,"C","C","PGF",1.5,"blue"
"591",14934778,"G","G","PGF",1.5,"blue"
"592",14945705,"G","G","PGF",1.5,"blue"
"593",14958218,"T","0","Mismatch/Noise",0.5,"red"
"594",14968449,"A","A","PGF",1.5,"blue"
"595",14968527,"A","A","PGF",1.5,"blue"
"596",14968529,"A","A","PGF",1.5,"blue"
"597",14969634,"G","G","PGF",1.5,"blue"
"598",14976484,"C","C","PGF",1.5,"blue"
"599",14982984,"C","C","PGF",1.5,"blue"
"600",14984713,"C","C","PGF",1.5,"blue"
"601",14985806,"A","A","PGF",1.5,"blue"
"602",14989721,"C","C","PGF",1.5,"blue"
"603",14991735,"G","G","PGF",1.5,"blue"
"604",14994820,"C","C","PGF",1.5,"blue"
"605",15014550,"T","0","Mismatch/Noise",0.5,"red"
"606",15015396,"G","G","PGF",1.5,"blue"
"607",15016438,"G","G","PGF",1.5,"blue"
"608",15016536,"A","A","PGF",1.5,"blue"
"609",15018459,"A","A","PGF",1.5,"blue"
"610",15018495,"A","A","PGF",1.5,"blue"
"611",15018582,"C","C","PGF",1.5,"blue"
"612",15019092,"T","T","PGF",1.5,"blue"
"613",15019613,"T","T","PGF",1.5,"blue"
"614",15019719,"A","A","PGF",1.5,"blue"
"615",15020578,"T","T","PGF",1.5,"blue"
"616",15021104,"A","A","PGF",1.5,"blue"
"617",15021522,"G","G","PGF",1.5,"blue"
"618",15022465,"T","T","PGF",1.5,"blue"
"619",15022707,"C","C","PGF",1.5,"blue"
"620",15023364,"T","T","PGF",1.5,"blue"
"621",15024287,"I","I","PGF",1.5,"blue"
"622",15024924,"G","G","PGF",1.5,"blue"
"623",15025506,"G","G","PGF",1.5,"blue"
"624",15025598,"T","T","PGF",1.5,"blue"
"625",15026424,"A","A","PGF",1.5,"blue"
"626",15026633,"C","C","PGF",1.5,"blue"
"627",15027433,"A","A","PGF",1.5,"blue"
"628",15027507,"A","A","PGF",1.5,"blue"
"629",15027529,"G","G","PGF",1.5,"blue"
"630",15027638,"C","C","PGF",1.5,"blue"
"631",15028176,"G","G","PGF",1.5,"blue"
"632",15029492,"T","T","PGF",1.5,"blue"
"633",15030650,"C","C","PGF",1.5,"blue"
"634",15030682,"C","C","PGF",1.5,"blue"
"635",15030767,"T","T","PGF",1.5,"blue"
"636",15030878,"C","C","PGF",1.5,"blue"
"637",15031385,"A","A","PGF",1.5,"blue"
"638",15033712,"C","C","PGF",1.5,"blue"
"639",15042327,"T","T","PGF",1.5,"blue"
"640",15043778,"T","T","PGF",1.5,"blue"
"641",15064733,"C","C","PGF",1.5,"blue"
"642",15086183,"G","G","PGF",1.5,"blue"
"643",15095379,"A","A","PGF",1.5,"blue"
"644",15095760,"T","T","PGF",1.5,"blue"
"645",15116138,"T","0","Mismatch/Noise",0.5,"red"
"646",15126199,"G","G","PGF",1.5,"blue"
"647",15129415,"G","G","PGF",1.5,"blue"
"648",15140670,"A","A","PGF",1.5,"blue"
"649",15156388,"A","A","PGF",1.5,"blue"
"650",15169439,"A","A","PGF",1.5,"blue"
"651",15204708,"T","T","PGF",1.5,"blue"
"652",15206662,"C","C","PGF",1.5,"blue"
"653",15222764,"T","T","PGF",1.5,"blue"
"654",15226548,"0","0","PGF",1.5,"blue"
"655",15242077,"C","C","PGF",1.5,"blue"
"656",15255494,"A","A","PGF",1.5,"blue"
"657",15262035,"T","T","PGF",1.5,"blue"
"658",15309625,"A","A","PGF",1.5,"blue"
"659",15315047,"T","T","PGF",1.5,"blue"
"660",15321839,"T","0","Mismatch/Noise",0.5,"red"
"661",15333149,"C","C","PGF",1.5,"blue"
"662",15339461,"A","0","Mismatch/Noise",0.5,"red"
"663",15339857,"A","A","PGF",1.5,"blue"
"664",15342222,"T","0","Mismatch/Noise",0.5,"red"
"665",15350615,"C","C","PGF",1.5,"blue"
"666",15372130,"A","A","PGF",1.5,"blue"
"667",15375740,"A","A","PGF",1.5,"blue"
"668",15393044,"A","A","PGF",1.5,"blue"
"669",15401876,"A","A","PGF",1.5,"blue"
"670",15404832,"G","G","PGF",1.5,"blue"
"671",15409812,"G","G","PGF",1.5,"blue"
"672",15415115,"A","A","PGF",1.5,"blue"
"673",15420555,"G","G","PGF",1.5,"blue"
"674",15425719,"T","T","PGF",1.5,"blue"
"675",15426000,"C","C","PGF",1.5,"blue"
"676",15426005,"C","C","PGF",1.5,"blue"
"677",15436316,"A","A","PGF",1.5,"blue"
"678",15436444,"T","T","PGF",1.5,"blue"
"679",15436806,"T","T","PGF",1.5,"blue"
"680",15436915,"T","0","Mismatch/Noise",0.5,"red"
"681",15437152,"C","C","PGF",1.5,"blue"
"682",15437333,"A","A","PGF",1.5,"blue"
"683",15437564,"C","C","PGF",1.5,"blue"
"684",15437887,"C","C","PGF",1.5,"blue"
"685",15438777,"A","A","PGF",1.5,"blue"
"686",15453490,"T","T","PGF",1.5,"blue"
"687",15461070,"C","C","PGF",1.5,"blue"
"688",15467785,"T","T","PGF",1.5,"blue"
"689",15467824,"A","0","Mismatch/Noise",0.5,"red"
"690",15469724,"G","G","PGF",1.5,"blue"
"691",15469740,"C","C","PGF",1.5,"blue"
"692",15470057,"G","G","PGF",1.5,"blue"
"693",15471925,"T","0","Mismatch/Noise",0.5,"red"
"694",15472563,"C","C","PGF",1.5,"blue"
"695",15472863,"C","C","PGF",1.5,"blue"
"696",15497285,"G","G","PGF",1.5,"blue"
"697",15507686,"T","T","PGF",1.5,"blue"
"698",15510490,"C","C","PGF",1.5,"blue"
"699",15515812,"A","A","PGF",1.5,"blue"
"700",15517851,"T","T","PGF",1.5,"blue"
"701",15526695,"C","C","PGF",1.5,"blue"
"702",15541126,"A","A","PGF",1.5,"blue"
"703",15541217,"T","T","PGF",1.5,"blue"
"704",15544614,"C","C","PGF",1.5,"blue"
"705",15554755,"C","C","PGF",1.5,"blue"
"706",15564625,"G","G","PGF",1.5,"blue"
"707",15566388,"T","T","PGF",1.5,"blue"
"708",15574052,"G","G","PGF",1.5,"blue"
"709",15574102,"G","G","PGF",1.5,"blue"
"710",15575780,"A","A","PGF",1.5,"blue"
"711",15575790,"A","A","PGF",1.5,"blue"
"712",15576063,"A","A","PGF",1.5,"blue"
"713",15576203,"C","C","PGF",1.5,"blue"
"714",15579215,"A","A","PGF",1.5,"blue"
"715",15581983,"A","A","PGF",1.5,"blue"
"716",15585558,"C","C","PGF",1.5,"blue"
"717",15587509,"T","T","PGF",1.5,"blue"
"718",15587574,"A","0","Mismatch/Noise",0.5,"red"
"719",15588401,"T","T","PGF",1.5,"blue"
"720",15590342,"G","G","PGF",1.5,"blue"
"721",15591201,"T","T","PGF",1.5,"blue"
"722",15591446,"C","C","PGF",1.5,"blue"
"723",15591447,"C","C","PGF",1.5,"blue"
"724",15591474,"T","T","PGF",1.5,"blue"
"725",15591492,"C","0","Mismatch/Noise",0.5,"red"
"726",15592033,"G","G","PGF",1.5,"blue"
"727",15592788,"G","G","PGF",1.5,"blue"
"728",15592813,"C","C","PGF",1.5,"blue"
"729",15615340,"C","C","PGF",1.5,"blue"
"730",15635573,"G","G","PGF",1.5,"blue"
"731",15648415,"C","C","PGF",1.5,"blue"
"732",15651438,"T","T","PGF",1.5,"blue"
"733",15654428,"C","C","PGF",1.5,"blue"
"734",15660495,"A","0","Mismatch/Noise",0.5,"red"
"735",15668070,"A","A","PGF",1.5,"blue"
"736",15679655,"T","T","PGF",1.5,"blue"
"737",15701859,"G","0","Mismatch/Noise",0.5,"red"
"738",15702775,"T","T","PGF",1.5,"blue"
"739",15704602,"G","G","PGF",1.5,"blue"
"740",15711340,"C","C","PGF",1.5,"blue"
"741",15726484,"C","0","Mismatch/Noise",0.5,"red"
"742",15744642,"C","0","Mismatch/Noise",0.5,"red"
"743",15755918,"G","G","PGF",1.5,"blue"
"744",15772103,"G","0","Mismatch/Noise",0.5,"red"
"745",15779994,"C","C","PGF",1.5,"blue"
"746",15780341,"A","0","Mismatch/Noise",0.5,"red"
"747",15800133,"G","G","PGF",1.5,"blue"
"748",15800326,"T","T","PGF",1.5,"blue"
"749",15809326,"G","G","PGF",1.5,"blue"
"750",15814487,"T","T","PGF",1.5,"blue"
"751",15816112,"T","T","PGF",1.5,"blue"
"752",15816140,"C","C","PGF",1.5,"blue"
"753",15822352,"A","A","PGF",1.5,"blue"
"754",15833180,"G","G","PGF",1.5,"blue"
"755",15842844,"G","G","PGF",1.5,"blue"
"756",15877995,"G","G","PGF",1.5,"blue"
"757",15879017,"A","A","PGF",1.5,"blue"
"758",15879104,"G","G","PGF",1.5,"blue"
"759",15903731,"T","T","PGF",1.5,"blue"
"760",15918592,"T","T","PGF",1.5,"blue"
"761",15935524,"T","T","PGF",1.5,"blue"
"762",15945309,"G","G","PGF",1.5,"blue"
"763",15966502,"T","T","PGF",1.5,"blue"
"764",15969185,"G","G","PGF",1.5,"blue"
"765",15999244,"G","G","PGF",1.5,"blue"
"766",16039881,"C","C","PGF",1.5,"blue"
"767",16074836,"C","C","PGF",1.5,"blue"
"768",16087575,"T","T","PGF",1.5,"blue"
"769",16178042,"T","0","Mismatch/Noise",0.5,"red"
"770",16181491,"A","0","Mismatch/Noise",0.5,"red"
"771",16183412,"C","C","PGF",1.5,"blue"
"772",16185081,"A","A","PGF",1.5,"blue"
"773",16190764,"T","T","PGF",1.5,"blue"
"774",16190880,"G","G","PGF",1.5,"blue"
"775",16193088,"A","A","PGF",1.5,"blue"
"776",16199051,"T","T","PGF",1.5,"blue"
"777",16202490,"A","0","Mismatch/Noise",0.5,"red"
"778",16202544,"G","G","PGF",1.5,"blue"
"779",16213100,"C","C","PGF",1.5,"blue"
"780",16227302,"G","G","PGF",1.5,"blue"
"781",16230262,"C","0","Mismatch/Noise",0.5,"red"
"782",16242316,"T","T","PGF",1.5,"blue"
"783",16248523,"A","A","PGF",1.5,"blue"
"784",16251357,"G","G","PGF",1.5,"blue"
"785",16253694,"G","G","PGF",1.5,"blue"
"786",16255201,"C","C","PGF",1.5,"blue"
"787",16271151,"C","C","PGF",1.5,"blue"
"788",16271262,"A","A","PGF",1.5,"blue"
"789",16299885,"A","A","PGF",1.5,"blue"
"790",16301305,"T","T","PGF",1.5,"blue"
"791",16306764,"T","T","PGF",1.5,"blue"
"792",16310705,"G","G","PGF",1.5,"blue"
"793",16338537,"G","G","PGF",1.5,"blue"
"794",16339916,"C","C","PGF",1.5,"blue"
"795",16351523,"C","C","PGF",1.5,"blue"
"796",16377198,"A","A","PGF",1.5,"blue"
"797",16387936,"A","0","Mismatch/Noise",0.5,"red"
"798",16389872,"C","C","PGF",1.5,"blue"
"799",16392600,"G","G","PGF",1.5,"blue"
"800",16392856,"T","T","PGF",1.5,"blue"
"801",16400573,"A","A","PGF",1.5,"blue"
"802",16401339,"T","T","PGF",1.5,"blue"
"803",16436872,"G","G","PGF",1.5,"blue"
"804",16439230,"A","0","Mismatch/Noise",0.5,"red"
"805",16460301,"T","T","PGF",1.5,"blue"
"806",16478520,"A","A","PGF",1.5,"blue"
"807",16492197,"A","A","PGF",1.5,"blue"
"808",16492382,"A","A","PGF",1.5,"blue"
"809",16492454,"G","G","PGF",1.5,"blue"
"810",16519057,"A","A","PGF",1.5,"blue"
"811",16520444,"T","T","PGF",1.5,"blue"
"812",16543462,"G","G","PGF",1.5,"blue"
"813",16567551,"A","A","PGF",1.5,"blue"
"814",16571915,"C","C","PGF",1.5,"blue"
"815",16578072,"T","0","Mismatch/Noise",0.5,"red"
"816",16585994,"A","A","PGF",1.5,"blue"
"817",16596916,"C","C","PGF",1.5,"blue"
"818",16596946,"A","A","PGF",1.5,"blue"
"819",16601300,"T","T","PGF",1.5,"blue"
"820",16626617,"A","0","Mismatch/Noise",0.5,"red"
"821",16636022,"T","T","PGF",1.5,"blue"
"822",16638804,"A","A","PGF",1.5,"blue"
"823",16660759,"C","C","PGF",1.5,"blue"
"824",16691822,"G","G","PGF",1.5,"blue"
"825",16693257,"C","C","PGF",1.5,"blue"
"826",16693279,"D","D","PGF",1.5,"blue"
"827",16699291,"A","A","PGF",1.5,"blue"
"828",16699334,"C","C","PGF",1.5,"blue"
"829",16713287,"G","G","PGF",1.5,"blue"
"830",16713318,"G","G","PGF",1.5,"blue"
"831",16742224,"A","A","PGF",1.5,"blue"
"832",16750812,"A","A","PGF",1.5,"blue"
"833",16758450,"G","G","PGF",1.5,"blue"
"834",16767517,"T","T","PGF",1.5,"blue"
"835",16773870,"A","A","PGF",1.5,"blue"
"836",16774007,"C","C","PGF",1.5,"blue"
"837",16786382,"T","T","PGF",1.5,"blue"
"838",16788665,"A","A","PGF",1.5,"blue"
"839",16809337,"A","A","PGF",1.5,"blue"
"840",16817026,"A","A","PGF",1.5,"blue"
"841",16817030,"A","A","PGF",1.5,"blue"
"842",16817923,"T","T","PGF",1.5,"blue"
"843",16819471,"T","T","PGF",1.5,"blue"
"844",16834833,"T","T","PGF",1.5,"blue"
"845",16834855,"T","0","Mismatch/Noise",0.5,"red"
"846",16836079,"C","C","PGF",1.5,"blue"
"847",16839499,"G","G","PGF",1.5,"blue"
"848",16839562,"G","G","PGF",1.5,"blue"
"849",16839641,"T","T","PGF",1.5,"blue"
"850",16846439,"C","C","PGF",1.5,"blue"
"851",16849994,"G","G","PGF",1.5,"blue"
"852",16850779,"A","A","PGF",1.5,"blue"
"853",16856357,"T","T","PGF",1.5,"blue"
"854",16859582,"G","G","PGF",1.5,"blue"
"855",16870183,"G","G","PGF",1.5,"blue"
"856",16889964,"T","T","PGF",1.5,"blue"
"857",16890675,"C","C","PGF",1.5,"blue"
"858",16896148,"G","G","PGF",1.5,"blue"
"859",16903025,"T","0","Mismatch/Noise",0.5,"red"
"860",16903051,"A","A","PGF",1.5,"blue"
"861",16903208,"C","C","PGF",1.5,"blue"
"862",16903692,"A","A","PGF",1.5,"blue"
"863",16904772,"T","T","PGF",1.5,"blue"
"864",16904849,"C","C","PGF",1.5,"blue"
"865",16906683,"A","0","Mismatch/Noise",0.5,"red"
"866",16922783,"T","T","PGF",1.5,"blue"
"867",16923335,"T","T","PGF",1.5,"blue"
"868",16927082,"A","A","PGF",1.5,"blue"
"869",16936081,"C","C","PGF",1.5,"blue"
"870",16942397,"T","T","PGF",1.5,"blue"
"871",16944053,"T","T","PGF",1.5,"blue"
"872",16949553,"T","T","PGF",1.5,"blue"
"873",16954812,"G","G","PGF",1.5,"blue"
"874",16981954,"C","C","PGF",1.5,"blue"
"875",16984055,"C","C","PGF",1.5,"blue"
"876",16990660,"G","G","PGF",1.5,"blue"
"877",16992232,"A","A","PGF",1.5,"blue"
"878",17004094,"C","C","PGF",1.5,"blue"
"879",17008697,"A","A","PGF",1.5,"blue"
"880",17013730,"G","G","PGF",1.5,"blue"
"881",17038316,"T","T","PGF",1.5,"blue"
"882",17040593,"G","G","PGF",1.5,"blue"
"883",17048384,"T","T","PGF",1.5,"blue"
"884",17053771,"C","C","PGF",1.5,"blue"
"885",17054132,"G","G","PGF",1.5,"blue"
"886",17092499,"G","0","Mismatch/Noise",0.5,"red"
"887",17111777,"T","T","PGF",1.5,"blue"
"888",17138251,"A","0","Mismatch/Noise",0.5,"red"
"889",17138487,"A","A","PGF",1.5,"blue"
"890",17141732,"A","A","PGF",1.5,"blue"
"891",17147721,"G","G","PGF",1.5,"blue"
"892",17152659,"C","C","PGF",1.5,"blue"
"893",17174741,"A","A","PGF",1.5,"blue"
"894",17189624,"A","A","PGF",1.5,"blue"
"895",17191930,"G","G","PGF",1.5,"blue"
"896",17195548,"C","C","PGF",1.5,"blue"
"897",17197796,"G","G","PGF",1.5,"blue"
"898",17201259,"T","T","PGF",1.5,"blue"
"899",17209692,"T","T","PGF",1.5,"blue"
"900",17231905,"A","A","PGF",1.5,"blue"
"901",17242145,"T","T","PGF",1.5,"blue"
"902",17242819,"T","0","Mismatch/Noise",0.5,"red"
"903",17252369,"T","T","PGF",1.5,"blue"
"904",17256018,"T","T","PGF",1.5,"blue"
"905",17275043,"T","T","PGF",1.5,"blue"
"906",17275047,"T","T","PGF",1.5,"blue"
"907",17285993,"C","C","PGF",1.5,"blue"
"908",17286006,"A","A","PGF",1.5,"blue"
"909",17287868,"C","C","PGF",1.5,"blue"
"910",17293093,"C","C","PGF",1.5,"blue"
"911",17294958,"C","C","PGF",1.5,"blue"
"912",17305752,"G","0","Mismatch/Noise",0.5,"red"
"913",17310145,"C","C","PGF",1.5,"blue"
"914",17311975,"C","C","PGF",1.5,"blue"
"915",17341676,"A","A","PGF",1.5,"blue"
"916",17343510,"G","G","PGF",1.5,"blue"
"917",17353144,"C","C","PGF",1.5,"blue"
"918",17361380,"A","A","PGF",1.5,"blue"
"919",17364892,"G","0","Mismatch/Noise",0.5,"red"
"920",17389379,"T","T","PGF",1.5,"blue"
"921",17391560,"C","C","PGF",1.5,"blue"
"922",17394111,"C","C","PGF",1.5,"blue"
"923",17397645,"T","T","PGF",1.5,"blue"
"924",17398598,"T","0","Mismatch/Noise",0.5,"red"
"925",17405475,"C","C","PGF",1.5,"blue"
"926",17412198,"T","T","PGF",1.5,"blue"
"927",17415700,"T","0","Mismatch/Noise",0.5,"red"
"928",17418389,"G","G","PGF",1.5,"blue"
"929",17423320,"C","C","PGF",1.5,"blue"
"930",17427710,"G","G","PGF",1.5,"blue"
"931",17436200,"A","A","PGF",1.5,"blue"
"932",17446588,"A","A","PGF",1.5,"blue"
"933",17446768,"T","T","PGF",1.5,"blue"
"934",17447638,"A","A","PGF",1.5,"blue"
"935",17461478,"T","T","PGF",1.5,"blue"
"936",17461802,"A","A","PGF",1.5,"blue"
"937",17464197,"C","C","PGF",1.5,"blue"
"938",17466305,"A","A","PGF",1.5,"blue"
"939",17470112,"G","G","PGF",1.5,"blue"
"940",17473966,"G","G","PGF",1.5,"blue"
"941",17493513,"T","T","PGF",1.5,"blue"
"942",17493630,"T","T","PGF",1.5,"blue"
"943",17508337,"C","C","PGF",1.5,"blue"
"944",17508792,"G","G","PGF",1.5,"blue"
"945",17510373,"T","T","PGF",1.5,"blue"
"946",17516123,"T","T","PGF",1.5,"blue"
"947",17533325,"A","0","Mismatch/Noise",0.5,"red"
"948",17570599,"C","C","PGF",1.5,"blue"
"949",17570849,"T","T","PGF",1.5,"blue"
"950",17571473,"T","T","PGF",1.5,"blue"
"951",17583053,"G","G","PGF",1.5,"blue"
"952",17595842,"T","T","PGF",1.5,"blue"
"953",17596003,"G","G","PGF",1.5,"blue"
"954",17596023,"G","G","PGF",1.5,"blue"
"955",17609833,"A","A","PGF",1.5,"blue"
"956",17612676,"G","G","PGF",1.5,"blue"
"957",17612852,"T","T","PGF",1.5,"blue"
"958",17614366,"G","G","PGF",1.5,"blue"
"959",17645335,"G","G","PGF",1.5,"blue"
"960",17645441,"G","G","PGF",1.5,"blue"
"961",17651573,"C","C","PGF",1.5,"blue"
"962",17672931,"G","G","PGF",1.5,"blue"
"963",17678693,"A","A","PGF",1.5,"blue"
"964",17678803,"G","G","PGF",1.5,"blue"
"965",17716251,"C","0","Mismatch/Noise",0.5,"red"
"966",17717953,"A","A","PGF",1.5,"blue"
"967",17730754,"A","A","PGF",1.5,"blue"
"968",17732408,"T","T","PGF",1.5,"blue"
"969",17766762,"T","T","PGF",1.5,"blue"
"970",17766807,"T","T","PGF",1.5,"blue"
"971",17768441,"A","A","PGF",1.5,"blue"
"972",17774222,"A","0","Mismatch/Noise",0.5,"red"
"973",17774409,"G","G","PGF",1.5,"blue"
"974",17782015,"G","G","PGF",1.5,"blue"
"975",17782178,"C","C","PGF",1.5,"blue"
"976",17789323,"G","G","PGF",1.5,"blue"
"977",17805633,"G","G","PGF",1.5,"blue"
"978",17821258,"G","G","PGF",1.5,"blue"
"979",17833895,"T","T","PGF",1.5,"blue"
"980",17842573,"T","T","PGF",1.5,"blue"
"981",17844001,"T","T","PGF",1.5,"blue"
"982",17844018,"T","T","PGF",1.5,"blue"
"983",17853245,"A","A","PGF",1.5,"blue"
"984",17860729,"G","G","PGF",1.5,"blue"
"985",17863355,"G","G","PGF",1.5,"blue"
"986",17872179,"T","T","PGF",1.5,"blue"
"987",17881230,"G","G","PGF",1.5,"blue"
"988",17891241,"A","A","PGF",1.5,"blue"
"989",17912084,"C","C","PGF",1.5,"blue"
"990",17913958,"G","G","PGF",1.5,"blue"
"991",17916397,"C","C","PGF",1.5,"blue"
"992",17916624,"C","0","Mismatch/Noise",0.5,"red"
"993",17922066,"G","G","PGF",1.5,"blue"
"994",17936279,"G","G","PGF",1.5,"blue"
"995",17937260,"A","A","PGF",1.5,"blue"
"996",17937365,"A","A","PGF",1.5,"blue"
"997",17947414,"A","A","PGF",1.5,"blue"
"998",17947672,"A","A","PGF",1.5,"blue"
"999",17961512,"T","0","Mismatch/Noise",0.5,"red"
"1000",17974575,"A","A","PGF",1.5,"blue"
"1001",17985841,"T","T","PGF",1.5,"blue"
"1002",17986687,"C","C","PGF",1.5,"blue"
"1003",18017528,"G","G","PGF",1.5,"blue"
"1004",18028661,"A","A","PGF",1.5,"blue"
"1005",18028669,"C","C","PGF",1.5,"blue"
"1006",18029008,"T","T","PGF",1.5,"blue"
"1007",18032753,"C","C","PGF",1.5,"blue"
"1008",18038953,"G","G","PGF",1.5,"blue"
"1009",18047373,"G","G","PGF",1.5,"blue"
"1010",18051798,"A","A","PGF",1.5,"blue"
"1011",18066156,"C","C","PGF",1.5,"blue"
"1012",18076957,"C","C","PGF",1.5,"blue"
"1013",18077016,"T","T","PGF",1.5,"blue"
"1014",18077293,"I","I","PGF",1.5,"blue"
"1015",18077297,"A","A","PGF",1.5,"blue"
"1016",18082508,"C","C","PGF",1.5,"blue"
"1017",18097249,"A","A","PGF",1.5,"blue"
"1018",18097251,"A","A","PGF",1.5,"blue"
"1019",18099341,"A","A","PGF",1.5,"blue"
"1020",18117193,"C","C","PGF",1.5,"blue"
"1021",18118014,"C","C","PGF",1.5,"blue"
"1022",18118314,"G","G","PGF",1.5,"blue"
"1023",18129736,"C","C","PGF",1.5,"blue"
"1024",18146921,"G","G","PGF",1.5,"blue"
"1025",18146985,"A","A","PGF",1.5,"blue"
"1026",18147185,"T","T","PGF",1.5,"blue"
"1027",18162834,"T","T","PGF",1.5,"blue"
"1028",18167403,"C","C","PGF",1.5,"blue"
"1029",18167479,"A","0","Mismatch/Noise",0.5,"red"
"1030",18175765,"G","0","Mismatch/Noise",0.5,"red"
"1031",18180294,"G","G","PGF",1.5,"blue"
"1032",18180446,"C","C","PGF",1.5,"blue"
"1033",18255814,"C","C","PGF",1.5,"blue"
"1034",18381735,"A","A","PGF",1.5,"blue"
"1035",18393536,"G","G","PGF",1.5,"blue"
"1036",18393688,"A","A","PGF",1.5,"blue"
"1037",18394634,"T","T","PGF",1.5,"blue"
"1038",18396767,"G","G","PGF",1.5,"blue"
"1039",18418203,"T","T","PGF",1.5,"blue"
"1040",18537567,"G","G","PGF",1.5,"blue"
"1041",18553075,"A","A","PGF",1.5,"blue"
"1042",18560005,"T","T","PGF",1.5,"blue"
"1043",18561042,"T","T","PGF",1.5,"blue"
"1044",18571026,"A","A","PGF",1.5,"blue"
"1045",18584283,"C","C","PGF",1.5,"blue"
"1046",18600862,"A","A","PGF",1.5,"blue"
"1047",18601274,"G","G","PGF",1.5,"blue"
"1048",18606172,"G","0","Mismatch/Noise",0.5,"red"
"1049",18617596,"C","C","PGF",1.5,"blue"
"1050",18647042,"A","A","PGF",1.5,"blue"
"1051",18647146,"A","A","PGF",1.5,"blue"
"1052",18656508,"G","G","PGF",1.5,"blue"
"1053",18663485,"T","T","PGF",1.5,"blue"
"1054",18666823,"A","0","Mismatch/Noise",0.5,"red"
"1055",18668472,"C","C","PGF",1.5,"blue"
"1056",18683145,"T","T","PGF",1.5,"blue"
"1057",18700150,"C","C","PGF",1.5,"blue"
"1058",18719565,"T","T","PGF",1.5,"blue"
"1059",18720016,"C","C","PGF",1.5,"blue"
"1060",18720028,"C","C","PGF",1.5,"blue"
"1061",18732197,"A","A","PGF",1.5,"blue"
"1062",18736860,"C","C","PGF",1.5,"blue"
"1063",18741753,"T","T","PGF",1.5,"blue"
"1064",18746811,"C","C","PGF",1.5,"blue"
"1065",18747493,"G","G","PGF",1.5,"blue"
"1066",18759669,"T","T","PGF",1.5,"blue"
"1067",18759690,"C","C","PGF",1.5,"blue"
"1068",18759708,"A","A","PGF",1.5,"blue"
"1069",18760081,"G","G","PGF",1.5,"blue"
"1070",18765649,"C","C","PGF",1.5,"blue"
"1071",18771855,"C","C","PGF",1.5,"blue"
"1072",18776629,"A","A","PGF",1.5,"blue"
"1073",18803914,"C","C","PGF",1.5,"blue"
"1074",18803990,"A","A","PGF",1.5,"blue"
"1075",18821912,"A","A","PGF",1.5,"blue"
"1076",18831084,"A","A","PGF",1.5,"blue"
"1077",18842841,"G","G","PGF",1.5,"blue"
"1078",18843088,"G","G","PGF",1.5,"blue"
"1079",18847810,"T","T","PGF",1.5,"blue"
"1080",18865320,"G","0","Mismatch/Noise",0.5,"red"
"1081",18871216,"T","T","PGF",1.5,"blue"
"1082",18881280,"C","C","PGF",1.5,"blue"
"1083",18887888,"T","T","PGF",1.5,"blue"
"1084",18888200,"C","C","PGF",1.5,"blue"
"1085",18893538,"T","T","PGF",1.5,"blue"
"1086",18907236,"A","A","PGF",1.5,"blue"
"1087",18914441,"C","C","PGF",1.5,"blue"
"1088",18927898,"G","G","PGF",1.5,"blue"
"1089",18954148,"A","A","PGF",1.5,"blue"
"1090",18957059,"C","C","PGF",1.5,"blue"
"1091",18957208,"C","C","PGF",1.5,"blue"
"1092",18964263,"A","A","PGF",1.5,"blue"
"1093",19007975,"G","0","Mismatch/Noise",0.5,"red"
"1094",19008153,"G","G","PGF",1.5,"blue"
"1095",19020340,"G","G","PGF",1.5,"blue"
"1096",19020366,"A","A","PGF",1.5,"blue"
"1097",19033817,"T","T","PGF",1.5,"blue"
"1098",19035709,"G","G","PGF",1.5,"blue"
"1099",19037067,"T","T","PGF",1.5,"blue"
"1100",19045552,"C","0","Mismatch/Noise",0.5,"red"
"1101",19047132,"C","C","PGF",1.5,"blue"
"1102",19047630,"A","0","Mismatch/Noise",0.5,"red"
"1103",19048602,"G","G","PGF",1.5,"blue"
"1104",19048605,"T","T","PGF",1.5,"blue"
"1105",19048725,"G","G","PGF",1.5,"blue"
"1106",19053889,"C","C","PGF",1.5,"blue"
"1107",19054889,"C","C","PGF",1.5,"blue"
"1108",19060222,"T","T","PGF",1.5,"blue"
"1109",19061349,"G","0","Mismatch/Noise",0.5,"red"
"1110",19077394,"G","G","PGF",1.5,"blue"
"1111",19077409,"A","A","PGF",1.5,"blue"
"1112",19077754,"G","G","PGF",1.5,"blue"
"1113",19087143,"C","C","PGF",1.5,"blue"
"1114",19090961,"T","T","PGF",1.5,"blue"
"1115",19096091,"G","G","PGF",1.5,"blue"
"1116",19096363,"G","G","PGF",1.5,"blue"
"1117",19105726,"A","A","PGF",1.5,"blue"
"1118",19118560,"G","G","PGF",1.5,"blue"
"1119",19118773,"G","G","PGF",1.5,"blue"
"1120",19134681,"G","G","PGF",1.5,"blue"
"1121",19136821,"A","A","PGF",1.5,"blue"
"1122",19136822,"T","T","PGF",1.5,"blue"
"1123",19136888,"G","G","PGF",1.5,"blue"
"1124",19144375,"C","C","PGF",1.5,"blue"
"1125",19166861,"C","C","PGF",1.5,"blue"
"1126",19171953,"C","C","PGF",1.5,"blue"
"1127",19179085,"T","T","PGF",1.5,"blue"
"1128",19179463,"G","G","PGF",1.5,"blue"
"1129",19180465,"A","A","PGF",1.5,"blue"
"1130",19198212,"A","0","Mismatch/Noise",0.5,"red"
"1131",19206845,"G","G","PGF",1.5,"blue"
"1132",19219721,"A","A","PGF",1.5,"blue"
"1133",19230119,"G","G","PGF",1.5,"blue"
"1134",19230498,"A","A","PGF",1.5,"blue"
"1135",19232160,"C","C","PGF",1.5,"blue"
"1136",19236447,"G","G","PGF",1.5,"blue"
"1137",19244931,"G","G","PGF",1.5,"blue"
"1138",19255890,"G","G","PGF",1.5,"blue"
"1139",19259569,"C","C","PGF",1.5,"blue"
"1140",19279765,"A","A","PGF",1.5,"blue"
"1141",19291359,"T","T","PGF",1.5,"blue"
"1142",19304761,"G","0","Mismatch/Noise",0.5,"red"
"1143",19306942,"C","C","PGF",1.5,"blue"
"1144",19315988,"A","A","PGF",1.5,"blue"
"1145",19320885,"C","C","PGF",1.5,"blue"
"1146",19332760,"C","C","PGF",1.5,"blue"
"1147",19349615,"T","0","Mismatch/Noise",0.5,"red"
"1148",19349905,"A","A","PGF",1.5,"blue"
"1149",19360642,"T","T","PGF",1.5,"blue"
"1150",19370523,"T","T","PGF",1.5,"blue"
"1151",19375294,"C","C","PGF",1.5,"blue"
"1152",19383158,"G","0","Mismatch/Noise",0.5,"red"
"1153",19399252,"A","0","Mismatch/Noise",0.5,"red"
"1154",19475863,"A","A","PGF",1.5,"blue"
"1155",19496663,"A","A","PGF",1.5,"blue"
"1156",19500107,"G","G","PGF",1.5,"blue"
"1157",19501311,"A","A","PGF",1.5,"blue"
"1158",19518344,"G","G","PGF",1.5,"blue"
"1159",19538933,"T","T","PGF",1.5,"blue"
"1160",19550408,"A","A","PGF",1.5,"blue"
"1161",19550740,"A","A","PGF",1.5,"blue"
"1162",19563894,"G","G","PGF",1.5,"blue"
"1163",19567718,"G","G","PGF",1.5,"blue"
"1164",20105854,"C","C","PGF",1.5,"blue"
"1165",20812848,"T","T","PGF",1.5,"blue"
"1166",20828795,"G","G","PGF",1.5,"blue"
"1167",20834667,"C","C","PGF",1.5,"blue"
"1168",20834703,"C","C","PGF",1.5,"blue"
"1169",20837553,"C","C","PGF",1.5,"blue"
"1170",21045242,"A","A","PGF",1.5,"blue"
"1171",21062598,"C","C","PGF",1.5,"blue"
"1172",21070438,"G","G","PGF",1.5,"blue"
"1173",21071131,"A","A","PGF",1.5,"blue"
"1174",21080707,"G","G","PGF",1.5,"blue"
"1175",21083420,"T","T","PGF",1.5,"blue"
"1176",21100759,"G","G","PGF",1.5,"blue"
"1177",21117888,"T","T","PGF",1.5,"blue"
"1178",21138032,"T","T","PGF",1.5,"blue"
"1179",21138078,"T","T","PGF",1.5,"blue"
"1180",21147336,"C","C","PGF",1.5,"blue"
"1181",21157531,"T","T","PGF",1.5,"blue"
"1182",21159055,"C","C","PGF",1.5,"blue"
"1183",21165969,"A","A","PGF",1.5,"blue"
"1184",21166358,"T","T","PGF",1.5,"blue"
"1185",21219443,"A","A","PGF",1.5,"blue"
"1186",21222868,"C","C","PGF",1.5,"blue"
"1187",21225770,"G","G","PGF",1.5,"blue"
"1188",21229652,"C","C","PGF",1.5,"blue"
"1189",21235895,"A","A","PGF",1.5,"blue"
"1190",21242391,"C","C","PGF",1.5,"blue"
"1191",21253443,"A","A","PGF",1.5,"blue"
"1192",21253574,"C","C","PGF",1.5,"blue"
"1193",21264006,"G","G","PGF",1.5,"blue"
"1194",21282471,"C","C","PGF",1.5,"blue"
"1195",21285962,"A","A","PGF",1.5,"blue"
"1196",21286248,"C","C","PGF",1.5,"blue"
"1197",21286313,"A","A","PGF",1.5,"blue"
"1198",21288728,"C","C","PGF",1.5,"blue"
"1199",21309376,"G","G","PGF",1.5,"blue"
"1200",21312064,"C","C","PGF",1.5,"blue"
"1201",21314704,"T","T","PGF",1.5,"blue"
"1202",21327172,"A","A","PGF",1.5,"blue"
"1203",21327198,"C","C","PGF",1.5,"blue"
"1204",21332123,"A","A","PGF",1.5,"blue"
"1205",21365772,"G","G","PGF",1.5,"blue"
"1206",21385724,"C","C","PGF",1.5,"blue"
"1207",21402296,"T","T","PGF",1.5,"blue"
"1208",21412205,"C","C","PGF",1.5,"blue"
"1209",21461202,"A","0","Mismatch/Noise",0.5,"red"
"1210",21463326,"C","C","PGF",1.5,"blue"
"1211",21476910,"T","T","PGF",1.5,"blue"
"1212",21480778,"G","G","PGF",1.5,"blue"
"1213",21481429,"C","C","PGF",1.5,"blue"
"1214",21481454,"A","A","PGF",1.5,"blue"
"1215",21490912,"T","0","Mismatch/Noise",0.5,"red"
"1216",21499869,"G","G","PGF",1.5,"blue"
"1217",21502776,"T","T","PGF",1.5,"blue"
"1218",21510491,"G","G","PGF",1.5,"blue"
"1219",21535086,"G","G","PGF",1.5,"blue"
"1220",21541514,"T","T","PGF",1.5,"blue"
"1221",21550809,"T","T","PGF",1.5,"blue"
"1222",21569908,"C","C","PGF",1.5,"blue"
"1223",21570974,"G","G","PGF",1.5,"blue"
"1224",21593470,"A","A","PGF",1.5,"blue"
"1225",21594932,"G","G","PGF",1.5,"blue"
"1226",21609946,"C","C","PGF",1.5,"blue"
"1227",21610585,"C","C","PGF",1.5,"blue"
"1228",21610831,"G","0","Mismatch/Noise",0.5,"red"
"1229",21610853,"C","C","PGF",1.5,"blue"
"1230",21612078,"A","A","PGF",1.5,"blue"
"1231",21612167,"G","G","PGF",1.5,"blue"
"1232",21612268,"C","C","PGF",1.5,"blue"
"1233",21618583,"G","0","Mismatch/Noise",0.5,"red"
"1234",21618856,"T","T","PGF",1.5,"blue"
"1235",21621191,"G","G","PGF",1.5,"blue"
"1236",21621564,"C","C","PGF",1.5,"blue"
"1237",21622006,"C","C","PGF",1.5,"blue"
"1238",21628300,"G","0","Mismatch/Noise",0.5,"red"
"1239",21628667,"T","T","PGF",1.5,"blue"
"1240",21641094,"A","A","PGF",1.5,"blue"
"1241",21642296,"G","G","PGF",1.5,"blue"
"1242",21644268,"T","T","PGF",1.5,"blue"
"1243",21645133,"G","G","PGF",1.5,"blue"
"1244",21645348,"T","T","PGF",1.5,"blue"
"1245",21645555,"G","G","PGF",1.5,"blue"
"1246",21646058,"T","T","PGF",1.5,"blue"
"1247",21646398,"G","G","PGF",1.5,"blue"
"1248",21646577,"A","A","PGF",1.5,"blue"
"1249",21646675,"T","T","PGF",1.5,"blue"
"1250",21652284,"C","C","PGF",1.5,"blue"
"1251",21674068,"C","C","PGF",1.5,"blue"
"1252",21674225,"C","C","PGF",1.5,"blue"
"1253",21674327,"A","A","PGF",1.5,"blue"
"1254",21688300,"A","A","PGF",1.5,"blue"
"1255",21690692,"A","A","PGF",1.5,"blue"
"1256",21706360,"A","A","PGF",1.5,"blue"
"1257",21712855,"G","G","PGF",1.5,"blue"
"1258",21716218,"I","I","PGF",1.5,"blue"
"1259",21716366,"C","0","Mismatch/Noise",0.5,"red"
"1260",21717208,"C","C","PGF",1.5,"blue"
"1261",21717227,"T","T","PGF",1.5,"blue"
"1262",21717307,"G","G","PGF",1.5,"blue"
"1263",21717472,"G","G","PGF",1.5,"blue"
"1264",21717515,"G","G","PGF",1.5,"blue"
"1265",21722098,"G","G","PGF",1.5,"blue"
"1266",21722268,"T","T","PGF",1.5,"blue"
"1267",21722998,"T","0","Mismatch/Noise",0.5,"red"
"1268",21726388,"G","G","PGF",1.5,"blue"
"1269",21729839,"T","T","PGF",1.5,"blue"
"1270",21730257,"C","C","PGF",1.5,"blue"
"1271",21730357,"A","A","PGF",1.5,"blue"
"1272",21730647,"A","A","PGF",1.5,"blue"
"1273",21732339,"A","A","PGF",1.5,"blue"
"1274",21733168,"I","I","PGF",1.5,"blue"
"1275",21733231,"T","T","PGF",1.5,"blue"
"1276",21733454,"A","A","PGF",1.5,"blue"
"1277",21735456,"A","A","PGF",1.5,"blue"
"1278",21736239,"A","A","PGF",1.5,"blue"
"1279",21736331,"G","G","PGF",1.5,"blue"
"1280",21739006,"T","T","PGF",1.5,"blue"
"1281",21739646,"C","C","PGF",1.5,"blue"
"1282",21739651,"C","C","PGF",1.5,"blue"
"1283",21739754,"G","G","PGF",1.5,"blue"
"1284",21740436,"T","T","PGF",1.5,"blue"
"1285",21740450,"A","A","PGF",1.5,"blue"
"1286",21740716,"G","0","Mismatch/Noise",0.5,"red"
"1287",21740760,"G","0","Mismatch/Noise",0.5,"red"
"1288",21741755,"C","C","PGF",1.5,"blue"
"1289",21742158,"T","T","PGF",1.5,"blue"
"1290",21749881,"A","A","PGF",1.5,"blue"
"1291",21751009,"T","T","PGF",1.5,"blue"
"1292",21751330,"G","G","PGF",1.5,"blue"
"1293",21751440,"A","A","PGF",1.5,"blue"
"1294",21751449,"C","C","PGF",1.5,"blue"
"1295",21753199,"A","0","Mismatch/Noise",0.5,"red"
"1296",21754097,"C","C","PGF",1.5,"blue"
"1297",21757306,"T","T","PGF",1.5,"blue"
"1298",21757316,"T","0","Mismatch/Noise",0.5,"red"
"1299",21759138,"C","C","PGF",1.5,"blue"
"1300",21762685,"T","T","PGF",1.5,"blue"
"1301",21763273,"G","G","PGF",1.5,"blue"
"1302",21763755,"A","A","PGF",1.5,"blue"
"1303",21763965,"T","T","PGF",1.5,"blue"
"1304",21764431,"T","0","Mismatch/Noise",0.5,"red"
"1305",21764458,"A","0","Mismatch/Noise",0.5,"red"
"1306",21764500,"C","0","Mismatch/Noise",0.5,"red"
"1307",21764501,"G","0","Mismatch/Noise",0.5,"red"
"1308",21764586,"C","C","PGF",1.5,"blue"
"1309",21764674,"A","0","Mismatch/Noise",0.5,"red"
"1310",21764694,"C","C","PGF",1.5,"blue"
"1311",21765763,"A","A","PGF",1.5,"blue"
"1312",21766113,"A","A","PGF",1.5,"blue"
"1313",21766310,"G","G","PGF",1.5,"blue"
"1314",21767959,"C","C","PGF",1.5,"blue"
"1315",21774180,"G","G","PGF",1.5,"blue"
"1316",21778713,"A","A","PGF",1.5,"blue"
"1317",21778998,"C","C","PGF",1.5,"blue"
"1318",21779234,"C","C","PGF",1.5,"blue"
"1319",21779251,"T","T","PGF",1.5,"blue"
"1320",21784286,"G","G","PGF",1.5,"blue"
"1321",21801722,"G","G","PGF",1.5,"blue"
"1322",21811108,"G","0","Mismatch/Noise",0.5,"red"
"1323",21811903,"A","A","PGF",1.5,"blue"
"1324",21827794,"A","0","Mismatch/Noise",0.5,"red"
"1325",21841289,"G","G","PGF",1.5,"blue"
"1326",21843090,"C","C","PGF",1.5,"blue"
"1327",21844311,"C","C","PGF",1.5,"blue"
"1328",21844357,"G","G","PGF",1.5,"blue"
"1329",21853357,"A","A","PGF",1.5,"blue"
"1330",21864291,"A","A","PGF",1.5,"blue"
"1331",21865821,"G","G","PGF",1.5,"blue"
"1332",21866424,"A","A","PGF",1.5,"blue"
"1333",21866664,"G","G","PGF",1.5,"blue"
"1334",21866840,"T","T","PGF",1.5,"blue"
"1335",21867718,"C","C","PGF",1.5,"blue"
"1336",21867787,"G","G","PGF",1.5,"blue"
"1337",21867854,"A","A","PGF",1.5,"blue"
"1338",21868068,"C","C","PGF",1.5,"blue"
"1339",21868672,"T","T","PGF",1.5,"blue"
"1340",21868726,"T","T","PGF",1.5,"blue"
"1341",21868776,"A","A","PGF",1.5,"blue"
"1342",21868863,"G","G","PGF",1.5,"blue"
"1343",21869264,"G","G","PGF",1.5,"blue"
"1344",21869519,"C","C","PGF",1.5,"blue"
"1345",21869914,"C","C","PGF",1.5,"blue"
"1346",21869923,"C","0","Mismatch/Noise",0.5,"red"
"1347",21872521,"T","T","PGF",1.5,"blue"
"1348",21872738,"T","T","PGF",1.5,"blue"
"1349",21872886,"A","A","PGF",1.5,"blue"
"1350",21878072,"D","D","PGF",1.5,"blue"
"1351",21878699,"G","G","PGF",1.5,"blue"
"1352",21878700,"A","A","PGF",1.5,"blue"
"1353",21878708,"G","G","PGF",1.5,"blue"
"1354",21878762,"G","G","PGF",1.5,"blue"
"1355",21878809,"A","A","PGF",1.5,"blue"
"1356",21878825,"C","C","PGF",1.5,"blue"
"1357",21880748,"G","0","Mismatch/Noise",0.5,"red"
"1358",21881115,"C","C","PGF",1.5,"blue"
"1359",21881573,"A","A","PGF",1.5,"blue"
"1360",21888865,"A","A","PGF",1.5,"blue"
"1361",21888874,"I","I","PGF",1.5,"blue"
"1362",21889536,"G","G","PGF",1.5,"blue"
"1363",21889673,"G","G","PGF",1.5,"blue"
"1364",21890177,"G","G","PGF",1.5,"blue"
"1365",21892572,"C","C","PGF",1.5,"blue"
"1366",21892626,"G","G","PGF",1.5,"blue"
"1367",21892634,"G","G","PGF",1.5,"blue"
"1368",21892677,"T","T","PGF",1.5,"blue"
"1369",21892756,"T","T","PGF",1.5,"blue"
"1370",21893299,"T","T","PGF",1.5,"blue"
"1371",21893303,"C","C","PGF",1.5,"blue"
"1372",21893753,"C","0","Mismatch/Noise",0.5,"red"
"1373",21893864,"C","C","PGF",1.5,"blue"
"1374",21893881,"A","A","PGF",1.5,"blue"
"1375",21894058,"T","T","PGF",1.5,"blue"
"1376",21894072,"G","G","PGF",1.5,"blue"
"1377",21894174,"I","I","PGF",1.5,"blue"
"1378",21894407,"A","A","PGF",1.5,"blue"
"1379",21894447,"C","C","PGF",1.5,"blue"
"1380",21896049,"T","T","PGF",1.5,"blue"
"1381",21896093,"A","A","PGF",1.5,"blue"
"1382",21896200,"T","T","PGF",1.5,"blue"
"1383",21896216,"C","C","PGF",1.5,"blue"
"1384",21896248,"G","G","PGF",1.5,"blue"
"1385",21897363,"T","T","PGF",1.5,"blue"
"1386",21898279,"C","C","PGF",1.5,"blue"
"1387",21898363,"I","0","Mismatch/Noise",0.5,"red"
"1388",21899888,"T","0","Mismatch/Noise",0.5,"red"
"1389",21900347,"G","G","PGF",1.5,"blue"
"1390",21900849,"A","A","PGF",1.5,"blue"
"1391",21900946,"T","T","PGF",1.5,"blue"
"1392",21902505,"C","C","PGF",1.5,"blue"
"1393",21903383,"A","A","PGF",1.5,"blue"
"1394",21903777,"C","C","PGF",1.5,"blue"
"1395",21903853,"G","G","PGF",1.5,"blue"
"1396",21904023,"T","T","PGF",1.5,"blue"
"1397",21904087,"T","T","PGF",1.5,"blue"
"1398",21905917,"T","T","PGF",1.5,"blue"
"1399",21906109,"T","T","PGF",1.5,"blue"
"1400",21906265,"A","A","PGF",1.5,"blue"
"1401",21906607,"T","T","PGF",1.5,"blue"
"1402",21907097,"T","T","PGF",1.5,"blue"
"1403",21907394,"T","T","PGF",1.5,"blue"
"1404",21907648,"A","0","Mismatch/Noise",0.5,"red"
"1405",21909842,"G","0","Mismatch/Noise",0.5,"red"
"1406",21916474,"A","A","PGF",1.5,"blue"
"1407",21916548,"C","C","PGF",1.5,"blue"
"1408",21917313,"T","T","PGF",1.5,"blue"
"1409",21917832,"T","T","PGF",1.5,"blue"
"1410",21917939,"T","T","PGF",1.5,"blue"
"1411",21921675,"T","T","PGF",1.5,"blue"
"1412",21924329,"C","C","PGF",1.5,"blue"
"1413",21924336,"C","C","PGF",1.5,"blue"
"1414",21926143,"G","0","Mismatch/Noise",0.5,"red"
"1415",21930263,"I","I","PGF",1.5,"blue"
"1416",21930287,"T","T","PGF",1.5,"blue"
"1417",21930315,"C","C","PGF",1.5,"blue"
"1418",21932926,"A","A","PGF",1.5,"blue"
"1419",21932935,"T","T","PGF",1.5,"blue"
"1420",21936138,"C","C","PGF",1.5,"blue"
"1421",21937573,"G","G","PGF",1.5,"blue"
"1422",21938444,"C","C","PGF",1.5,"blue"
"1423",21938532,"A","A","PGF",1.5,"blue"
"1424",21952388,"C","C","PGF",1.5,"blue"
"1425",21970721,"G","G","PGF",1.5,"blue"
"1426",21976303,"T","0","Mismatch/Noise",0.5,"red"
"1427",21978583,"C","C","PGF",1.5,"blue"
"1428",21983827,"C","C","PGF",1.5,"blue"
"1429",21995972,"T","T","PGF",1.5,"blue"
"1430",22003770,"G","G","PGF",1.5,"blue"
"1431",22038215,"G","G","PGF",1.5,"blue"
"1432",22046222,"G","G","PGF",1.5,"blue"
"1433",22047290,"G","G","PGF",1.5,"blue"
"1434",22072340,"C","0","Mismatch/Noise",0.5,"red"
"1435",22094491,"C","C","PGF",1.5,"blue"
"1436",22108101,"A","A","PGF",1.5,"blue"
"1437",22127984,"T","0","Mismatch/Noise",0.5,"red"
"1438",22142382,"G","G","PGF",1.5,"blue"
"1439",22149593,"A","A","PGF",1.5,"blue"
"1440",22157311,"C","C","PGF",1.5,"blue"
"1441",22158010,"C","C","PGF",1.5,"blue"
"1442",22165294,"A","A","PGF",1.5,"blue"
"1443",22178569,"G","G","PGF",1.5,"blue"
"1444",22178817,"T","T","PGF",1.5,"blue"
"1445",22181421,"A","A","PGF",1.5,"blue"
"1446",22191144,"C","C","PGF",1.5,"blue"
"1447",22192044,"A","A","PGF",1.5,"blue"
"1448",22214221,"T","T","PGF",1.5,"blue"
"1449",22216731,"T","T","PGF",1.5,"blue"
"1450",22228628,"A","A","PGF",1.5,"blue"
"1451",22228683,"A","A","PGF",1.5,"blue"
"1452",22243175,"C","C","PGF",1.5,"blue"
"1453",22243389,"C","0","Mismatch/Noise",0.5,"red"
"1454",22243566,"T","0","Mismatch/Noise",0.5,"red"
"1455",22243730,"G","G","PGF",1.5,"blue"
"1456",22243769,"C","C","PGF",1.5,"blue"
"1457",22268487,"C","C","PGF",1.5,"blue"
"1458",22271131,"A","A","PGF",1.5,"blue"
"1459",22314485,"C","C","PGF",1.5,"blue"
"1460",22442215,"C","C","PGF",1.5,"blue"
"1461",22444953,"C","C","PGF",1.5,"blue"
"1462",22460714,"0","0","PGF",1.5,"blue"
"1463",22474294,"A","A","PGF",1.5,"blue"
"1464",22506149,"G","G","PGF",1.5,"blue"
"1465",22513718,"C","C","PGF",1.5,"blue"
"1466",22513726,"A","A","PGF",1.5,"blue"
"1467",22514081,"G","G","PGF",1.5,"blue"
"1468",22539461,"G","G","PGF",1.5,"blue"
"1469",22582201,"G","G","PGF",1.5,"blue"
"1470",22583507,"C","C","PGF",1.5,"blue"
"1471",22597106,"G","G","PGF",1.5,"blue"
"1472",22601068,"T","T","PGF",1.5,"blue"
"1473",22634764,"A","A","PGF",1.5,"blue"
"1474",22646728,"G","G","PGF",1.5,"blue"
"1475",22665262,"A","A","PGF",1.5,"blue"
"1476",22669220,"T","T","PGF",1.5,"blue"
"1477",22669525,"T","T","PGF",1.5,"blue"
"1478",22679436,"C","C","PGF",1.5,"blue"
"1479",22688731,"G","G","PGF",1.5,"blue"
"1480",22708656,"T","T","PGF",1.5,"blue"
"1481",22711465,"T","T","PGF",1.5,"blue"
"1482",22711592,"A","A","PGF",1.5,"blue"
"1483",22715814,"G","G","PGF",1.5,"blue"
"1484",22725065,"G","G","PGF",1.5,"blue"
"1485",22725379,"C","C","PGF",1.5,"blue"
"1486",22733284,"T","T","PGF",1.5,"blue"
"1487",22735599,"G","0","Mismatch/Noise",0.5,"red"
"1488",22737801,"C","C","PGF",1.5,"blue"
"1489",22738775,"A","A","PGF",1.5,"blue"
"1490",22739301,"A","A","PGF",1.5,"blue"
"1491",22739367,"T","T","PGF",1.5,"blue"
"1492",22741728,"T","T","PGF",1.5,"blue"
"1493",22741740,"G","G","PGF",1.5,"blue"
"1494",22741799,"G","G","PGF",1.5,"blue"
"1495",22741818,"T","T","PGF",1.5,"blue"
"1496",22741821,"G","G","PGF",1.5,"blue"
"1497",22743597,"A","A","PGF",1.5,"blue"
"1498",22744939,"T","T","PGF",1.5,"blue"
"1499",22744945,"T","T","PGF",1.5,"blue"
"1500",22744993,"T","T","PGF",1.5,"blue"
"1501",22746267,"G","G","PGF",1.5,"blue"
"1502",22746689,"A","A","PGF",1.5,"blue"
"1503",22746786,"T","T","PGF",1.5,"blue"
"1504",22748506,"G","G","PGF",1.5,"blue"
"1505",22749853,"C","C","PGF",1.5,"blue"
"1506",22750174,"C","0","Mismatch/Noise",0.5,"red"
"1507",22750583,"C","C","PGF",1.5,"blue"
"1508",22750951,"G","G","PGF",1.5,"blue"
"1509",22751581,"T","T","PGF",1.5,"blue"
"1510",22751711,"A","A","PGF",1.5,"blue"
"1511",22751863,"C","C","PGF",1.5,"blue"
"1512",22753079,"C","0","Mismatch/Noise",0.5,"red"
"1513",22754671,"I","I","PGF",1.5,"blue"
"1514",22755855,"G","G","PGF",1.5,"blue"
"1515",22758149,"G","0","Mismatch/Noise",0.5,"red"
"1516",22771704,"T","0","Mismatch/Noise",0.5,"red"
"1517",22774608,"A","0","Mismatch/Noise",0.5,"red"
"1518",22784352,"T","0","Mismatch/Noise",0.5,"red"
"1519",22784660,"C","C","PGF",1.5,"blue"
"1520",22796697,"T","T","PGF",1.5,"blue"
"1521",22812975,"A","A","PGF",1.5,"blue"
"1522",22822081,"T","T","PGF",1.5,"blue"
"1523",22822229,"A","A","PGF",1.5,"blue"
"1524",22823155,"A","0","Mismatch/Noise",0.5,"red"
"1525",22823352,"A","A","PGF",1.5,"blue"
"1526",22843448,"G","G","PGF",1.5,"blue"
"1527",22844178,"G","0","Mismatch/Noise",0.5,"red"
"1528",22866703,"G","G","PGF",1.5,"blue"
"1529",22872115,"A","A","PGF",1.5,"blue"
"1530",22876678,"T","T","PGF",1.5,"blue"
"1531",22882865,"G","G","PGF",1.5,"blue"
"1532",22889018,"G","G","PGF",1.5,"blue"
"1533",22914378,"T","T","PGF",1.5,"blue"
"1534",22914979,"G","G","PGF",1.5,"blue"
"1535",22917995,"C","C","PGF",1.5,"blue"
"1536",22918577,"C","C","PGF",1.5,"blue"
"1537",22921768,"G","G","PGF",1.5,"blue"
"1538",22922129,"G","G","PGF",1.5,"blue"
"1539",22928699,"G","G","PGF",1.5,"blue"
"1540",22968980,"C","C","PGF",1.5,"blue"
"1541",22971392,"C","C","PGF",1.5,"blue"
"1542",22973793,"C","C","PGF",1.5,"blue"
"1543",22974926,"T","T","PGF",1.5,"blue"
"1544",22978713,"C","C","PGF",1.5,"blue"
"1545",22993780,"G","G","PGF",1.5,"blue"
"1546",22995399,"T","0","Mismatch/Noise",0.5,"red"
"1547",23009991,"G","G","PGF",1.5,"blue"
"1548",23010047,"C","0","Mismatch/Noise",0.5,"red"
"1549",23023974,"C","C","PGF",1.5,"blue"
"1550",23031377,"T","T","PGF",1.5,"blue"
"1551",23033176,"G","G","PGF",1.5,"blue"
"1552",23035132,"G","G","PGF",1.5,"blue"
"1553",23048693,"A","A","PGF",1.5,"blue"
"1554",23059496,"G","G","PGF",1.5,"blue"
"1555",23059591,"G","G","PGF",1.5,"blue"
"1556",23069523,"G","G","PGF",1.5,"blue"
"1557",23113764,"C","C","PGF",1.5,"blue"
"1558",23117154,"A","A","PGF",1.5,"blue"
"1559",23117567,"G","G","PGF",1.5,"blue"
"1560",23121708,"C","C","PGF",1.5,"blue"
"1561",23124367,"G","G","PGF",1.5,"blue"
"1562",23134896,"C","C","PGF",1.5,"blue"
"1563",23144801,"T","T","PGF",1.5,"blue"
"1564",23148103,"G","G","PGF",1.5,"blue"
"1565",23148323,"C","C","PGF",1.5,"blue"
"1566",23156865,"A","0","Mismatch/Noise",0.5,"red"
"1567",23165423,"C","C","PGF",1.5,"blue"
"1568",23165895,"T","0","Mismatch/Noise",0.5,"red"
"1569",23195236,"T","T","PGF",1.5,"blue"
"1570",23234163,"C","C","PGF",1.5,"blue"
"1571",23237322,"C","C","PGF",1.5,"blue"
"1572",23241047,"C","C","PGF",1.5,"blue"
"1573",23243887,"G","G","PGF",1.5,"blue"
"1574",23243897,"T","T","PGF",1.5,"blue"
"1575",23243942,"C","C","PGF",1.5,"blue"
"1576",23244026,"C","C","PGF",1.5,"blue"
"1577",23248930,"A","A","PGF",1.5,"blue"
"1578",23265885,"A","A","PGF",1.5,"blue"
"1579",23265910,"T","T","PGF",1.5,"blue"
"1580",23282689,"A","A","PGF",1.5,"blue"
"1581",23292782,"G","G","PGF",1.5,"blue"
"1582",23302389,"G","G","PGF",1.5,"blue"
"1583",23307995,"C","0","Mismatch/Noise",0.5,"red"
"1584",23342709,"C","C","PGF",1.5,"blue"
"1585",23351411,"C","C","PGF",1.5,"blue"
"1586",23353025,"G","G","PGF",1.5,"blue"
"1587",23353901,"C","C","PGF",1.5,"blue"
"1588",23354909,"C","C","PGF",1.5,"blue"
"1589",23383729,"C","C","PGF",1.5,"blue"
"1590",23389470,"T","T","PGF",1.5,"blue"
"1591",23391298,"T","T","PGF",1.5,"blue"
"1592",23398687,"T","T","PGF",1.5,"blue"
"1593",23415873,"A","A","PGF",1.5,"blue"
"1594",23443971,"G","G","PGF",1.5,"blue"
"1595",23444054,"T","T","PGF",1.5,"blue"
"1596",23452965,"T","T","PGF",1.5,"blue"
"1597",23482828,"T","T","PGF",1.5,"blue"
"1598",23496331,"C","C","PGF",1.5,"blue"
"1599",23496560,"G","G","PGF",1.5,"blue"
"1600",23497067,"C","C","PGF",1.5,"blue"
"1601",23497256,"C","C","PGF",1.5,"blue"
"1602",23497714,"G","G","PGF",1.5,"blue"
"1603",23531992,"G","G","PGF",1.5,"blue"
"1604",23544836,"T","T","PGF",1.5,"blue"
"1605",23549365,"G","G","PGF",1.5,"blue"
"1606",23550924,"A","A","PGF",1.5,"blue"
"1607",23551003,"A","A","PGF",1.5,"blue"
"1608",23571646,"C","C","PGF",1.5,"blue"
"1609",23574525,"G","G","PGF",1.5,"blue"
"1610",23580097,"G","0","Mismatch/Noise",0.5,"red"
"1611",23612197,"G","G","PGF",1.5,"blue"
"1612",23627289,"C","C","PGF",1.5,"blue"
"1613",23634362,"G","G","PGF",1.5,"blue"
"1614",23638549,"T","T","PGF",1.5,"blue"
"1615",23655112,"G","G","PGF",1.5,"blue"
"1616",23742476,"C","C","PGF",1.5,"blue"
"1617",23749157,"G","G","PGF",1.5,"blue"
"1618",23758186,"C","0","Mismatch/Noise",0.5,"red"
"1619",23759180,"A","A","PGF",1.5,"blue"
"1620",23778425,"T","T","PGF",1.5,"blue"
"1621",23781770,"A","A","PGF",1.5,"blue"
"1622",23781808,"T","T","PGF",1.5,"blue"
"1623",23791923,"G","G","PGF",1.5,"blue"
"1624",23805264,"T","T","PGF",1.5,"blue"
"1625",23810724,"G","G","PGF",1.5,"blue"
"1626",23821322,"A","A","PGF",1.5,"blue"
"1627",23832020,"C","C","PGF",1.5,"blue"
"1628",23852284,"A","A","PGF",1.5,"blue"
"1629",23856058,"T","0","Mismatch/Noise",0.5,"red"
"1630",23868996,"C","C","PGF",1.5,"blue"
"1631",23869108,"G","G","PGF",1.5,"blue"
"1632",23881624,"C","C","PGF",1.5,"blue"
"1633",23894989,"C","C","PGF",1.5,"blue"
"1634",23899533,"C","C","PGF",1.5,"blue"
"1635",23900442,"A","A","PGF",1.5,"blue"
"1636",23959349,"T","T","PGF",1.5,"blue"
"1637",23972908,"C","C","PGF",1.5,"blue"
"1638",23973367,"C","C","PGF",1.5,"blue"
"1639",23989677,"T","T","PGF",1.5,"blue"
"1640",23989678,"G","G","PGF",1.5,"blue"
"1641",23989836,"T","T","PGF",1.5,"blue"
"1642",23989884,"C","C","PGF",1.5,"blue"
"1643",23989903,"T","T","PGF",1.5,"blue"
"1644",23992762,"C","C","PGF",1.5,"blue"
"1645",24007524,"G","0","Mismatch/Noise",0.5,"red"
"1646",24007925,"G","G","PGF",1.5,"blue"
"1647",24046004,"G","G","PGF",1.5,"blue"
"1648",24366204,"A","A","PGF",1.5,"blue"
"1649",24366464,"A","A","PGF",1.5,"blue"
"1650",24370605,"A","A","PGF",1.5,"blue"
"1651",24405862,"C","C","PGF",1.5,"blue"
"1652",24437979,"C","C","PGF",1.5,"blue"
"1653",24444622,"C","C","PGF",1.5,"blue"
"1654",24471706,"C","C","PGF",1.5,"blue"
"1655",24510581,"A","A","PGF",1.5,"blue"
"1656",24522209,"T","T","PGF",1.5,"blue"
"1657",25421526,"A","A","PGF",1.5,"blue"
"1658",28538592,"A","A","PGF",1.5,"blue"
"1659",28650343,"G","G","PGF",1.5,"blue"
"1660",28727063,"C","0","Mismatch/Noise",0.5,"red"
"1661",28755784,"T","T","PGF",1.5,"blue"
"1662",28792268,"T","T","PGF",1.5,"blue"
"1663",28817442,"A","A","PGF",1.5,"blue"
"1664",28817458,"C","C","PGF",1.5,"blue"
"1665",58883690,"T","T","PGF",1.5,"blue"
